Unnamed: 0,제목,날짜,본문
0,"""AI 서비스, 사생활 침해·사회적 차별 없게"" 자율점검표 발표",2021.05.31.,"자율점검표)는 인공지능 설계·개발·운영 과정에서 개인정보를 안전하게 처리하기 위해 지켜야 할 개인정보보호법 상의 주요 의무와 권장사항을 단계별로 자율점검할 수 있도록 알기 쉽게 정리한 안내서다. AI 자율점검표는 개인정보보호법과 과학기술정보통신부의 AI 윤리기준, 개인정보보호 중심설계..."
1,"[아!이뉴스] 티빙 OTT 1위 '천명'…정부, AI 가이드라인 공개",2021.05.31.,"등 인공지능의 개인정보 처리 특성을 고려해 만들어졌다. 또 개인정보 보호법, AI 윤리기준, 국제적으로 통용되는 개인정보보호 중심설계 원칙 등을... 점검표가 AI 분야 현장에서 널리 활용될 수 있도록 적극적인 홍보와 함께 6월 초부터 AI 스타트업 대상 설명회를 개최하고 중소기업 컨설팅·교육 등에도..."
2,"위급할 때 ""살려줘"" 한 마디면…어르신 지키는 AI '수호천사'",2021.05.31.,"지난해 8월 경남 의령군에선 고열과 가슴통증을 느낀 80대 어르신이 평소 교육받은 대로 AI 스피커에 대고 ""살려줘""라고 외치자 119 구급대가 도착해... 네이버도 지난 3월 서울대학교와 함께 마련한 '인공지능(AI) 윤리 준칙'으로 △사람을 위한 AI 개발 △다양성의 존중 △합리적인 설명과 편리성의 조화..."
3,[AI교육 선도학교] 군포초등학교,2021.05.31.,"기호일보, KIHOILBO ""컴퓨터 활용 능력이 뛰어나지 않아 처음에는 AI(Artificial Intelligence·인공지능)교육이 어렵게만 느껴졌었는데 배우다 보니 정말... AI 활용교육) ▶N:New Attitude(AI 가치교육) ▶P:Project(AI 프로젝트교육) ▶O:Outspread(AI 확산교육)으로 구성됐다. 각 주제별로 ▶SW·AI 인식 ▶정보통신윤리교육..."
4,"""AI 편향성 문제, 윤리적·법적 판단에 앞서 기술적 해결책 고민해야…""",2021.05.27.,지난 25일 열린 AI 편향성 검증 교육 현장 [사진=씽크포비엘] 인공지능(AI) 편향과 데이터 샘플링 오류 문제의 기술적 해결방안을 제시한 교육이 국내... 최근 사회문제로 확대된 AI 편향성 논란을 놓고 윤리적·법적 해결논의가 활한 가운데 기술적 접근을 통한 해결이 필요하다는 주장이 업계 일각에서...
5,"씽크포비엘, 국내 첫 기술 기반 인공지능(AI) 검증 실무 교육 실시",2021.05.27.,"▲ 사진제공=씽크포비엘 소프트웨어(SW) 공학 전문기업 씽크포비엘이 국내 최초로 인공지능(AI) 편향과 데이터 샘플링 오류 문제의 기술적 해결 방안을... 씽크포비엘은 지난 25∼26일 경기도 성남 한국정보통신기술협회(TTA)에서 'AI 테스트 교육'을 실시하고, AI 편향을 기술적으로 어떻게 극복할 수 있는지..."
6,"조선대 SW중심대학사업단, 광주시교육청 AI정보영재교육원 SW·AI과정 호응",2021.05.24.,"AI정보영재교육원 SW·인공지능(AI) 과정 프로그램'이 참여자들의 호응을 얻고 있다고 24일 밝혔다. 광주시 AI정보영재교육원 SW·AI 과정 프로그램은... AI이미지학습을 통한 전염병 예방수칙 사전, 화학원소 안내 사전 제작, 정보보안과 시대별 암호화 방법, 언어를 활용한 빅데이터 분석, AI윤리, AI로봇을..."
7,"[의료정보리더스포럼]""의료 분야 클라우드·인공지능 플랫폼 활용 대세됐다""",2021.05.24.,"“코딩을 잘 모르는 의료진도 인공지능(AI)을 연구할 수 있도록 지원합니다.” “클라우드에 라이프로그 데이터, 생체정보·유전체 데이터를 모아... 네이버클라우드는 게임, 교육, 금융, 헬스케어 등 다양한 산업 분야에서 180여개 서비스와 상품을 제공한다. 최근 의료 분야 데이터 중요성이 증가하면서..."
8,"박문여고, 동아리 학생 대상 AI교육 실시…4차산업 대비 미래교육 선도",2021.05.24.,"오늘은 공학 전공을 희망하는 교내 자율동아리 '앤 지니어스' 학생들과 고급 물리학을 수강하는 학생 대상으로 코드위즈를 활용한 인공지능(AI) 교육... 코드닷오알지, 오토드로우, 퀵드로우, 구글 실험실 등을 활용해 AI를 체험했다. 무엇보다 사회적 이슈가 되는 AI 윤리도 생각하는 시간을 가졌다. 다음은 오늘..."
9,"KT, 대구시교육청과 함께 미래 AI 인재양성 나섰다",2021.05.25.,"KT(대표 구현모)가 대구시교육청(교육감 강은희)이 전국 최초로 도입한 인공지능(AI) 프레임워크에 교육기관으로 참여했다. KT는 대구시교육청과... 기획한 AI 교육 프로그램이다. 대구시교육청은 지난 3월 전국 최초로 초·중·고생의 AI 이해, 활용, 윤리 함양 영역별로 이해 정도를 측정할 수 있는 학생..."
10,"한국표준협회, 엘지전자에 AI+(에이아이플러스) 인증 수여",2021.05.25.,"AI 윤리 요구사항에 대한 인증을 추진할 계획이다. 강명수 회장은 “엘지전자가 인공지능 제품의 품질과 신뢰성을 보장하기 위한 체계를 지속적으로 유지하길 바란다”며 “한국표준협회도 AI 분야의 인증, 표준, 교육 그리고 다양한 지원사업을 통해 양질의 인공지능 산업 생태계를 만드는 데 힘을..."
11,인공지능 공동선언문,2021.05.26.,인공지능 채팅봇 [이루다] (출처: 스캐터랩) [이루다] 논란은 AI의 윤리성을 담보할 기술 수준(AI의 노예화)에 관한 쟁점과 함께 개인정보의 불법 취득과... 여성이나 장애인에게 차별적인 인공지능 스피커가 학교 교육에 이용되거나 안전이 검증되지 않은 자율주행차량이 거리를 질주할 때 우리의 미래도 위험할...
12,"씽크포비엘, 국내 첫 기술 기반 인공지능(AI) 검증 실무 교육",2021.05.13.,"있는지 교육했다. 사진=씽크포비엘 인공지능(AI) 편향과 데이터 샘플링 오류 문제의 기술적 해결 방안을 제시한 교육이 국내 최초로 실시됐다.... 최근 사회 문제로 비화한 AI 편향 문제를 놓고 윤리적·법적 해결 논의가 활발해진 상황에서, 기술적 접근을 통한 해결이 필요하다는 주장이 업계 일각에서..."
13,"KT, 대구교육청과 미래세대 인공지능 인재 양성",2021.05.13.,"'KT AI Tomorrow 2021' 프로젝트 수업에 참여한 한 초등학생이 자율주행키트에 전진, 멈춤, 좌·우회전을 학습하고 있다. /KT 제공 KT가 대구시교육청과 함께... 대구시교육청은 지난 3월 전국 최초로 초·중·고생들의 인공지능 이해, 활용, 윤리 함양 영역별로 이해 정도를 측정할 수 있는 학생 인증 시스템으로..."
14,"SKT, 사람중심 '7대 AI 가치' 정립…사규 반영",2021.05.13.,"SKT는 5월 중 AI 추구 가치를 사규에 반영해 전 구성원이 경영 활동의 근간으로 삼도록 할 예정이다. 상반기 내에 내재화를 위한 전사 교육 과정도... 자문단에는 △연세대 법대 오병철 교수(윤리 법학) △서울대 법대 박상철 교수(인공지능법) △서울과학기술대 김현경 교수(지적재산권, 정보기술) △AI..."
15,"한국표준협회, 엘지전자에 AI+(에이아이플러스) 인증 수여",2021.05.13.,"AI 윤리 요구사항에 대한 인증을 추진할 계획이다. 강명수 한국표준협회 회장은 “엘지전자가 인공지능 제품의 품질과 신뢰성을 보장하기 위한 체계를 지속적으로 유지하길 바라며 한국표준협회도 AI분야의 인증, 표준, 교육 그리고 다양한 지원사업을 통하여 양질의 인공지능 산업 생태계를 만드는..."
16,[AI교육 선도학교] 용인 서원고,2021.05.13.,"한 'AI Big Idea'를 통해 AI 사물인식 기술의 원리와 응용사례를 살피며 해당 기술의 양면성을 탐구하고, 윤리적 문제가 발생할 수 있는 AI기술 또는... AI교육의 기회를 마련했다. 'ABC 프로그램'은 각 주제별로 크게 2단계로 나뉘어 운영된다. 'AI'는 '인공지능 기초 프로그램(수학, 과학)' 및 '정보 페임랩..."
17,"정부, 2025년까지 윤리적인 AI 지원… “‘제2의 이루다' 막는다”",2021.05.13.,"신뢰 확보 기준 마련 등 10대 과제, 단계적으로 추진 정부가 2025년까지 믿을 만한 인공지능(AI) 서비스를 구현할 수 있도록 10대 과제를 추진한다. 이는... 도입 ▲AI 윤리 교육 강화 ▲AI 윤리 준수 여부를 자율적으로 점검할 수 있도록 체크리스트 개발, 보급 등을 골자로 하고 있다. 최기영 과기정통부 장관은..."
18,"조선대, 시교육청 SW·AI 프로그램 호응",2021.05.13.,"AI정보영재교육원 SW·AI(인공지능) 과정 프로그램’이 참여자들의 호응을 얻고 있다. 프로그램은 1년 과정으로, 컴퓨팅 사고력 향상을 위한 AI·SW... AI이미지학습을 통한 전염병 예방수칙 사전, 화학원소 안내 사전 제작, 정보보안과 시대별 암호화 방법, 언어를 활용한 빅데이터 분석, AI윤리, AI로봇을..."
19,"SKT, '인공지능(AI) 윤리' 경영시스템에 담았다",2021.05.13.,중심의 인공지능(AI)'을 핵심 이념으로 하는 AI 추구 가치를 공개했다. 'AI 추구 가치'란 AI를 활용해 고객에게 제공하고자 하는 가치다. 구성원이... SK텔레콤은 이달 중 AI 추구 가치를 사규에 반영해 전 구성원이 경영활동의 근간으로 삼는다. 상반기 내 전사 교육 과정을 수립해 AI 추구가치를 내재화할...
20,'이루다'가 촉발한 AI 윤리…해외 규제 현황은[차민영의 포스트IT],2021.05.13.,이웃나라인 일본 역시 2018년 인공지능 관련 이해관계자들이 유의해야 할 7대 기본 원칙을 담은 '인간 중심의 인공지능 사회 원칙'을 발표했습니다. 韓 민간 자율규제 중심 지원체계 구축 국내 기업들 중에서도 AI 윤리 관련 정책에 발맞춰 교육과 자체 기준 수립 노력을 기울이는 곳들이 있습니다. 카카오는...
21,"한국인공지능윤리협회-한국정보통신학회, AI 윤리 검인증 기준 체계·인증 가...",2021.05.13.,"/한국인공지능윤리협회 한국인공지능윤리협회(KAIEA)와 한국정보통신학회(KIICE)는 '인공지능(AI) 및 인공지능 윤리 분야의 공동 연구 협력을 위한 업무협약... 한국정보통신학회는 인공지능과 인공지능 윤리 분야에 관한 ▲공동연구, 공동조사, 상호자문 등의 연구 협력▲공동개발, 교육, 교재저술 등의 사업..."
22,"'大인공지능 시대', AI가 추구해야 할 중심 가치는?",2021.05.13.,아마 '인공지능(AI)'의 시대라고 말할 수 있을 듯하다. 그만큼 AI는 현재 산업계와 우리 실생활 모든 분야에 빠르게 적용되고 있는 기술이기 때문이다.... AI윤리 교육의 중요성도 강조했다. 오혜연 교수는 카이스트(KAIST) 전산학 교수(사진)는 'AI의 편향성'을 줄이는 것이 향후 윤리적 토대가 뒷받침되는 AI를...
23,"안산 양지초등학교, 전학년 대상 인공지능교육 실시",2021.05.13.,"안산 양지초등학교는 전 학년을 대상으로 미래 사회 역량을 키우기 위한 인공지능(AI) 교육을 한다고 23일 밝혔다. AI 교육은 정보윤리교육, 언플러그드 활동, 피지컬 컴퓨팅 활동 등 학년 수준을 고려한 다양한 교육 활동으로 이루어진다. 교육 프로그램은 ▲1∼2학년 창의적 체험활동과 연계해..."
24,"""AI 안전하게 이용하도록""…'신뢰할 수 있는 AI 실현전략' 마련",2021.05.13.,"있도록 인공지능 윤리교육 총론을 마련하고, 개발자·시민에게 맞춤형 교육도 진행할 예정이다. 개발자, 이용자 등이 업무, 일상생활 속에서 윤리 준수 여부를 자율점검을 할 수 있는 체크리스트도 개발한다. 최기영 과기부 장관은 ""최근 챗봇 사건은 우리 사회가 AI의 신뢰성에 대해 어떻게 대처해야 하는지..."
25,[2021 학과 돋보기(6)] 인공지능(AI)학과,2021.05.13.,성신여대(AI 융합학부) 등의 학교가 각기 다른 명칭으로 인공지능 교육을 위해 21학번 학생들을 선발했습니다. 과학기술부에서도 AI 인재 양성을 강조하는... 지능학과의 경우 미래 첨단기술 및 산업발전의 중추적이며 선도적 학문으로 자리 잡은 인공지능 분야의 창의적이며 실용적 역량을 갖춘 탁월하고 윤리적인...
26,"과기부, '신뢰할 수 있는 인공지능(AI) 실현전략' 발표",2021.05.14.,"최근 성차별과 소수자 차별 논란을 일으킨 인공지능(AI) 챗봇 '이루다' 사태 등 AI의 부정적 영향에 대응하기 위해 '신뢰할 수 있는 인공지능 실현전략'이... 담은 인공지능 윤리교육 총론을 마련하고, 이를 토대로 연구·개발자, 일반시민 등 맞춤형 윤리 교육을 개발·실시한다. △ 주체별 체크리스트를 마련..."
27,"구글, ‘AI 윤리’ 강화한다…담당 연구 인력 2배로",2021.05.14.,"“AI가 윤리적으로 작동하지 않으면 사업적으로도 문제” 한국도 ‘이루다 사태’ 계기로 필요성 제기 구글이 ‘인공지능(AI) 윤리’를 강화하기 위해... 구체화하는 등 관련 제도를 개선하기로 했다. 지난 2월 네이버도 AI 윤리 준칙을 마련해 발표했고, 카카오는 전 직원 대상으로 AI 윤리 교육을 실시했다. [ ]"
28,"SKT, ‘사람’ 중심의 AI 추구 가치 정립",2021.05.14.,"발전하는 AI 기술과 사회 환경에 대응하여 열린 자세로 이해관계자와 적극 협력해 AI를 선도하겠다는 의지를 반영했다.△사규 반영, 구성원 교육... 교수(윤리 법학)와 서울대 법대 박상철 교수(인공지능법), 서울과학기술대 김현경 교수(지적재산권, 정보기술), AI 사회적 기업인 테스트웍스 윤석원..."
29,[사설] 인공지능의 윤리적 문제,2021.05.13.,인공지능(AI)은 4차 산업혁명의 핵심으로 전 분야에 걸쳐 활용되며 빠르게 진화하고 있다. 과거 자본가들이 토지와 석유로 부를 축적했다면 21세기에는... 빅데이터와 AI가 핵심 기술로 떠올랐고 향후 지속해서 성장할 기술이 될 것이다. 그러나 AI가 인간 생활에 밀접하게 적용되면서 예상치 못하던 각종 윤리...
30,건양대 'ESG' 학교 정책에 도입…친환경·사회공헌·윤리경영,2021.05.13.,"교육혁신대학은 AI(인공지능)와 접합한 환경, 기후, 윤리 교육을 강화하고 비교과과정으로 ESG 프로그램 운영 등을 한다. 경영혁신대학으로 사회적 가치실현(지역상생, 안전, 사회공헌)과 더 좋은 내일(학생소통, 노사상생, 성과배분)을 약속했고 산학혁신대학은 지역과 함께 하는 사업 발굴 등을..."
31,[해외 AI대학원] ③ 인공지능의 대부 'MIT'와 AI 윤리 핵심 'UC 버클리',2021.05.13.,"인공지능의 윤리 문제는 1학년 AI 교육과정의 일부로서 인공지능의 미래 방향성을 이끌고자 하는 BAIR 연구자들의 핵심 연구 주제이다. 이 외에도, ▶하버드 대학교(Harvard University) ▶프린스턴 대학교(Princeton University) ▶캘리포니아 공과대학(California Institute of Technology) ▶워싱턴 대학교(University of..."
32,"안민석 의원, 4차산업 이끌 AI 인재양성 범정부 지원법 발의",2021.05.16.,최근 AI 인재 양성과 AI교육이 교육정책의 중요한 화두가 되고 있으나 인간 중심 AI교육을 범정부 차원에서 종합적으로 지원하는 법·제도 및 정책은 미흡한 실정이다. '인공지능교육진흥법안'에는 ▶인간 중심의 윤리적 책임을 고려한 인공지능교육을 체계적으로 추진함으로써 인공지능 시대를 주도해 나갈...
33,[기획연재]⑧ 인공지능 연구 국가 경쟁력 좌우…한양대 임종우 AI학과장,2021.05.10.,"한양대학교 ITBT관 (사진=한양대학교 일반대학원 인공지능학과) 한양대 인공지능 대학원은 AI 특화 교육ㆍ연구와 산학연 프로그램을 운영하고 있다.... 또한, AI 기술의 사회적 파급효과를 인지하여 윤리 의식을 갖고 연구에 임하는 AI 인재 양성을 추구한다. 한양대 인문학 진흥센터와 연계를 통해 AI 윤리..."
34,"[SR인공지능] ""AI의 기대와 현실, 어떤 노력이 필요한가""…전문가 한 자리에",2021.05.31.,"한정된 AI 기술의 상용화는 성공 및 확장단계에 있다""고 평가했다. 그는 ""AI가 안 좋은 곳에 쓰일 수 있는 위험도 고려해야 한다""면서 AI 윤리를... 김 대표는 ""인공지능 교육 과정도 인구가 1,000만명인 서울에 대부분 몰려있다""면서 ""지역 기업과 연계해서 해당 기업의 AI 역량을 강화하고, 일자리 창출에..."
35,"[기획연재]⑩ 코어 AI는 기본, 응용도 잡겠다...서울대 이경무 AI학과 주임교...",2021.05.31.,하는 '인공지능 아키텍처' 전성시대가 열리고 있다. AI타임스 특별취재팀은 기획 연재를 통해 인공지능대학원 정보를 독자들과 공유함으로써 교육... 국내 AI 윤리를 이끄는 기관으로 서울대인공지능정책이니셔티브(SAPI)를 꼽을 수 있다. 학생들이 SAPI와 함께할 수 있는 일도 많을까? 우리 협동과정 참여...
36,"[스탠퍼드AI대학원생 인터뷰] 학생 공동체 간 활동, 배움의 기회로 연결",2021.05.31.,"2015년 첫 시행 이후, 교육 비영리 단체 AI4ALL과의 파트너십을 나타내기 위해 Stanford AI4ALL로 명칭을 변경했다. 3주 동안 진행되는 Stanford AI4ALL은 고등학교 1학년 여성 학생들에게 교수 강의와 산업 현장 견학은 물론, 주체적인 연구 프로젝트를 통해 인공지능에 대한 폭넓은 경험을 제공한다...."
37,[기획연재]⑤ 최고의 인재를 키운다…포항공대 서영주 AI대학원장,2021.05.31.,"모두에서 인공지능대학원의 미래는 밝다고 자신했다. AI 특화 교육과정, 창의적 자율적 연구, 글로벌 역량 강화를 통해 학문적인 수월성(Professional)... 윤리철학 분야는 포스텍 인문사회학부와 협력한다. 1년간 신입생을 모집해보니 어떤가? 인공지능대학원 첫해 선정은 9월달이었다. 보통 10월에는 대학원..."
38,"서울과학기술대학교, ‘2021 대한민국 혁신기관’으로 선정",2021.05.27.,"서울과기대는 코로나19 위기, 4차 산업혁명으로 인한 산업 수요 변화 등 급변하는 상황 속에서 수요자 중심의 교육과 연구로 실사구시의 실용인재... ‘디스커버리학기제’는 4차 산업혁명의 변화에 대응해 신설된 신규 학기제로 여름방학 기간을 3개월로 확대해 프로그램 기반 코딩스쿨, AI 인공지능스쿨..."
39,"“ESG 가치, 대학 정책-학사 운영 핵심 의제로”",2021.05.12.,"이 총장은 “학생 중심의 교육혁신대학 실현을 위해 인공지능(AI)과 연계된 환경, 기후, 윤리 교육을 강화할 생각”이라며 “ESG를 실제 교과과정에 넣어 학생들이 선택할 수 있도록 할 것”이라고 밝혔다. 그는 이어 “지역혁신(RIS) 사업 등을 통해 지역과 함께하는 사업을 발굴하고 3단계 산학연 협력..."
40,"[테마캠퍼스/경희대학교] 첨단학과 신설, 약학과 6년제 개편으로 인간 중심 후...",2021.05.12.,"인공지능학과가 추구하는 인재상은 △글로벌 경쟁력을 갖춘 AI Core 인재 △AI+X 융합 능력과 실전 능력을 갖춘 인재 △인간 중심의 윤리의식을 갖춘 인재 △생태 경제학적 가치를 추구하는 인재다. 약학과가 2022학년도부터 6년제로 개편, 이론과 임상·실무 교육의 확장으로 국민 보건 향상을 위한 약학인을..."
41,'제2 이루다 없게'…AI 개발-운영 개인정보보호 자율점검표 마련,2021.05.12.,"'사생활 침해·사회적 차별없게 유의' 등 핵심원칙과 단계별 기준 제시 추가 의견 반영·상세 체크리스트 포함해 이달 말 최종 발표 인공지능(AI) 챗봇... 먼저 개인정보보호법과 개인정보보호 중심설계(PbD·Privacy by Design) 원칙, 과학기술정보통신부의 AI 윤리기준 등을 통합해 6대 핵심 원칙을 적법성·공정성..."
42,"미래학회, '미래지도사 1급 양성과정' 수강생 모집",2021.05.12.,과학기술' '미래사회 인공지능(AI) 발전과 윤리' '드론이 바꾸는 미래 세상과 직업' '미래사회 인문학과 지혜' '미래사회와 도전 정신' 등이다. 2부는 '미래사회 인재 역량 특성과 교육 변화' '미래사회 4차산업혁명과 미래 산업·직업 특성' '미래사회 기존 직업 변화' '미래사회 신규 직업 종류' '미래사회 인문 사회...
43,이철성 총장 “가르쳤으면 책임지자는 건양대 철학에 ESG 가치 접목”,2021.05.04.,"이 총장은 “학생 중심의 교육혁신대학 실현을 위해 인공지능(AI)과 연계된 환경, 기후, 윤리 교육을 강화할 생각”이라며 “ESG를 실제 교과과정에 넣어 학생들이 선택할 수 있도록 할 것”이라고 밝혔다. 그는 이어 “지역혁신(RIS) 사업 등을 통해 지역과 함께 하는 사업을 발굴하고 3단계 산학연 협력..."
44,"[전문]임혜숙 장관 후보자 ""과학기술과 ICT로 코로나 위기 극복할 것""",2021.05.04.,"저는 지난 30여 년간 디지털 전환의 핵심이 되는 초고속통신과 차세대인터넷 분야에서 기술 발전과 인력 양성에 매진해 온 연구자이자 교육자로서 결국... 보호, 인공지능 시대 윤리와 신뢰성 제고 등 4차 산업혁명 시대에 나타날 수 있는 그늘과 역기능을 최소화하기 위한 정비도 소홀히 하지 않겠습니다...."
45,[이슈분석]메타버스 활성화 과제는,2021.05.04.,"현재 서비스되는 체험형 가상현실(VR) 콘텐츠나 산업 현장 증강현실(AR) 활용 서비스, 가상공간을 활용한 전시·교육, 가상세계에서의 가상자산 거래 등... 김 본부장은 메타버스 역시 많은 부분을 인공지능(AI)에 바탕을 둘 것이기 때문에 최근 '이루다' 사태처럼 AI 윤리, 프라이버시 침해 등에 대해서 어떻게..."
46,[질문하는 기자들Q] 김태현 스토킹 살인…언론은 무엇을 쫓았나?,2021.05.04.,"그리고 잠시 후 에서는 기자 대신 기자를 쓰는 인공지능 로봇, AI 저널리즘의 현주소를 짚어볼 텐데요. 많은 기대 부탁드립니다. 오늘 함께 할 분들 먼저... 또 신문윤리실천요강을 보면 선정적이거나 자극적인 표현을 사용해서 안 된다고 나와 있습니다. 그러니까 이렇게 큰 틀에서는 분명히 기준이 있는데 사실은..."
47,[권호천의 ICT 인사이트] 미래전 기술에 뛰어든 ICT 거대기업 마이크로소프트...,2021.05.13.,마지막 글은 국방 분야에 진출한 MS가 마주할 기술 윤리적 관점에서의 해결책과 방위산업 최대 기업인 록히드마틴과의 경쟁적 미래를 논의한다. ①... 그리고 정제된 데이터를 최종적으로 인공지능(AI)에 전달해 응용할 수 있게 하는 저장과 연결의 중요한 도구이다. 이 서비스 구조를 머릿속으로 간단하게...
48,[발언대]양심으로 미래를 대비하자,2021.05.13.,"생활방식, 문화, 예술, 교육, 비즈니스, 여행 등 사회 모든 분야에서 혁명 같은 변화가 기다리고 있다. 한국국제미래학회 안종배 회장은 그의 저서... 미래의 역사 구성에는 과거에 대한 깊은 고찰, 정확한 현재분석, 주의 깊은 상상력, 인류애와 윤리의식 등이 요구된다'고 하였다. 인공지능(AI)이 인류전체의 지능을..."
49,"[핵심은] 연인들 내밀한 대화 유출한 ‘이루다’, 1억 과징금으로 끝?",2021.05.04.,"변화무쌍한 AI 산업 특성상 큰 틀 안에서 끊임없이 자성과 보완이 이뤄져야 할 것이다. 실제 지난해 11월 과학기술정보통신부와 정보통신정채견구원(KISDI)이 국가 ‘인공지능 윤리기준안’을 내놓은 바 있다. 크게 인간의 존엄성과 사회 공공선, 기술의 합목적성을 핵심 원칙으로 내세웠다. 문제는 지나치게..."
50,인천대 현장맞춤형 실전문제연구단 제5기 연구팀 발대식,2021.05.04.,"2017년도부터 시작된 본 사업은 바이오, 인공지능, 빅데이터 등 연구 분야를 중심으로 산업체 및 지역사회로부터 도출된 연구주제 수행을 위한... 연구 윤리 의식 제고를 위한 교육이 함께 실시됐다. 연구단은 5년차를 맞이해 산학협력 기반 지역 문제 해결 연구와 교육 컨텐츠의 축적과 공유 ▲4년 축적..."
51,인천대 현장맞춤형 실전문제연구단 5기 연구팀 발대식,2021.05.04.,"2017년도부터 시작된 이번 사업은 바이오, 인공지능, 빅데이터 등 연구 분야를 중심으로 산업체 및 지역사회로부터 도출된 연구주제 수행을 위한... 연구 윤리 의식 제고를 위한 교육이 함께 실시됐다. 연구단 측은 5년차를 맞이해 더욱 성숙된 연구 성과가 기대되며△산학협력 기반 지역 문제 해결 연구..."
52,"[창간특집/ESG·공정·상생] ""모든 것은 이어졌다""…IT 기업 ESG 고리 만들기",2021.05.03.,이들은 '디지털 책임감'을 ESG 경영 핵심으로 두고 인공지능(AI) 사업에 필요한 윤리교육을 전직원을 대상으로 진행 한다. 환경경영 실천을 위한 국제 표준 인증 획득도 '디지털 책임감'과 연관된 활동으로 분석된다. IT 기업들이 IDC 구축에 집중하는 만큼 건축 시 저탄소 배출을 통한 환경 보호에 집중한다는...
53,"""한국인들 과학에 '겸손'…자신감 가질 때 됐다""",2021.05.03.,"아니라 인공지능(AI) 같은 기술의 발전으로 인해 생기는 윤리적인 문제 등도 같이 다뤄주면서 저변을 넓혀 나가는 게 우리의 역할""이라고 설명했다.... 조 이사장은 '계산기를 쓰지 않는' 수학 교육에 대한 소신도 밝혔다. 그는 ""일부 선진국들은 20여 년 전부터 학생들이 계산기를 쓰고 수학 시험을 보지만..."
54,'AI 컴퍼니' 전환 본격화하는 SKT…'사람' 중심 AI 가치 정립,2021.05.13.,"지난 2월 'AI 윤리'를 주제로 한 세미나에 구성원들이 온라인으로 참여하고 있다./ SKT 인공지능(AI) 기업으로 전환에 나선 SK텔레콤이 AI 추구 가치를... 걸음""이라며, ""AI 서비스가 불특정 다수가 참여하는 초연결 서비스로 불완전성을 숙명으로 하는 특성이 있는 만큼 내부 교육, PLM 정립, 체크리스트 수립 등..."
55,개발과정서 윤리문제 진단… AI 신뢰 확보 기준 만든다,2021.05.13.,"정부가 오는 2025년까지 신뢰 가능한 AI(인공지능) 환경을 조성한다. 안전한 AI 활용 기반을 마련해 사회 전반에 건전한 AI 의식을 확산시키고 AI 강국으로... AI 윤리교육 총론을 마련하고 이를 토대로 연구·개발자, 일반시민 등 맞춤형 윤리 교육을 개발·실시한다. 이 밖에 윤리 준수 여부를 자율점검을 할 수..."
56,"과기부, 인공지능 인증제 도입하고 개발 가이드북 보급한다",2021.05.13.,"인공지능(AI) 제품 등에 대한 민간 인증제가 도입된다. 학습용 데이터의 신뢰성을 높이기 위한 표준 기준도 제시된다. 과학기술정보통신부는 13일 대통령... 담은 인공지능 윤리교육 총론을 마련한다. 이를 토대로 연구·개발자, 일반시민 등 맞춤형 윤리 교육을 개발·실시한다. 인공지능 윤리기준에 대한..."
57,"SK텔레콤, '사람 중심 AI' 가치 제정...AI 기업 혁신 본격화",2021.05.13.,"SK텔레콤은 5월 중 AI 추구 가치를 사규에 반영해 전 구성원이 경영활동의 근간으로 삼도록 하고, 상반기 내 전사 교육 과정을 수립해 AI 추구가치를... 교수(윤리 법학)와 서울대 법대 박상철 교수(인공지능법), 서울과학기술대 김현경 교수(지적재산권, 정보기술), AI 사회적 기업인 테스트웍스 윤석원..."
58,"AI 신뢰성 확보한다… 정부, ‘사람 중심 AI 실현 전략’ 발표",2021.05.13.,"최근 인공지능(AI) 챗봇 ‘이루다’가 점화시킨 인공지능 윤리 관련 논의에 정부가 가이드라인을 제시했다. 스타트업 등에 대한 지원과 신뢰성 확보를... 담은 인공지능 윤리교육 총론을 마련하고, 이를 토대로 연구·개발자, 일반시민 등 맞춤형 윤리 교육을 개발·실시한다. 인공지능 윤리기준에 대한 구체적인..."
64,"SKT, ‘사람 중심' AI 추구 가치 정립…전사 프로세스 반영",2021.05.13.,"SK텔레콤은 5월 중 AI 추구 가치를 사규에 반영해 전 구성원이 경영활동의 근간으로 삼도록 하고, 상반기 내 전사 교육 과정을 수립해 AI 추구가치를... 교수(윤리 법학)와 박상철 서울대 법대 교수(인공지능법), 김현경 서울과학기술대 교수(지적재산권, 정보기술), AI 사회적 기업인 테스트웍스 윤석원 대표..."
65,"SKT, 경영 시스템에 'AI 윤리' 담는다…'사람' 중심 AI 추구 가치 정립",2021.05.13.,"SKT는 5월 중 AI 추구 가치를 사규에 반영하여 전 구성원이 경영활동의 근간으로 삼도록 하고, 상반기 내 전사 교육 과정을 수립하여 AI 추구가치를... 교수(윤리 법학)와 서울대 법대 박상철 교수(인공지능법), 서울과학기술대 김현경 교수(지적재산권, 정보기술), AI 사회적 기업인 테스트웍스 윤석원 대표..."
66,"정부, '제2의 이루다 사태' 근절한다... AI 신뢰성 확보 전략 추진",2021.05.13.,뉴데일리 김동준 기자 = 정부가 혐오 발언 및 개인정보 유출 등의 이슈로 논란이 된 인공지능(AI) 챗봇 '이루다' 사태의 재발을 방지하기 위해 '신뢰할 수... 인공지능 간 상호작용 등 사회·인문학적 관점과 윤리 기준의 사회 실천을 인식할 수 있는 내용을 담은 인공지능 윤리교육 총론도 마련된다. 이를 토대로...
72,"과기부, 신뢰할 수 있는 AI 인증제 도입…'제2 이루다 사태' 막는다",2021.05.13.,"4차산업혁명위원회는 13일 열린 제22차 전체회의에서 ‘신뢰할 수 있는 인공지능 실현전략’을 발표했다. 기술·제도·윤리 측면의 3대 전략과 10대 실행과제를 2025년까지 단계적으로 추진하겠다는 내용이 담겼다. 이를 통해 AI 활용에서 세계 5위, 신뢰 가능한 사회 세계 10위, 안전한 사이버국가 세계 5위에..."
76,"SKT, '사람' 중심 AI 추구 가치 정립",2021.05.14.,"AI를 선도하겠다는 의지를 반영했다. SKT는 이달 중 AI 추구 가치를 사규에 반영해 전 구성원이 경영활동 근간으로 삼도록 하고, 상반기 내 전사 교육... 교수(윤리 법학)와 서울대 법대 박상철 교수(인공지능법), 서울과학기술대 김현경 교수(지적재산권, 정보기술), AI 사회적 기업 테스트웍스 윤석원..."
78,"‘사람 중심의 AI’…SK텔레콤, 사규에 반영한다",2021.05.13.,"반영...AI 체크리스트 개발 SK텔레콤은 5월 중 AI 추구 가치를 사규에 반영해 전 구성원이 경영활동의 근간으로 삼도록 하고, 상반기 내 전사 교육 과정을... 지난 2018년부터 개최한 ai.x컨퍼런스를 통해 ‘사람’을 위한 AI 생태계의 필요성과 AI 오용 예방의 중요성을 강조해 왔다. 또한 인공지능 서비스를..."
82,"AI 서비스 인증체계 마련···""인공지능 신뢰 확보""",2021.05.13.,"이와 함께 정부는 인공지능 영향평가를 실시하고, 인공지능에 대한 신뢰 확보와 이용자 보호 등을 위한 법·제도 정비도 추진할 계획입니다. (영상취재: 김태형 / 영상편집: 오희현) 또, 인공지능 윤리교육 과정을 개발해 시민과 연구·개발자, 학생 등을 대상으로 교육도 실시할 예정입니다. KTV 문기혁입니다."
85,'신뢰할 수 있는 AI 실현 전략' 마련...원천기술 개발 핵심,2021.05.13.,"윤리적으로는 '카카오 알고리즘 헌장' '네이버 인공지능 윤리' 등 IT 기업을 중심으로 민간 차원에서 윤리원칙을 수립하기 위한 노력이 이뤄지고 있다. 정부는 이를 토대로 사회 전반에 건전한 AI 의식이 확산할 수 있도록 AI 윤리교육 과정을 개발해 교육을 실시하고, AI 윤리 실천지침 체크 리스트를 보급하며..."
86,"SK텔레콤, 사람 중심의 AI 추구 가치 제정 선언",2021.05.13.,"지난 2월에는 온라인 세미나를 통해 AI 윤리에 대한 구성원들의 이해도를 높였다. 이러한 과정을 통해 ‘사람 중심의 AI’라는 이념을 핵심으로 한 ‘AI 추구 가치’가 정립됐다. 또한 인공지능 서비스를 활용한 독거노인 돌봄 서비스, 내 주변의 코로나 안전도 확인 서비스인 ‘SafeCaster’ 등 사람을 위한..."
90,"'AI 이루다 사태 예방'에 총력 기울이는 정부, 650억 이상 투입(종합)",2021.05.13.,건전한 인공지능 윤리를 확산하는 것이 중점 방향이다. 3대 전략은 ▲신뢰 가능한 AI 구현 환경 ▲안전한 AI 활용 기반 마련 ▲사회 전반의 건전한 AI 의식... 위한 'AI 사회적 영향평가'도 도입할 계획이다. 사회 전반의 건전한 AI 의식 확산을 위해 과기정통부는 AI 윤리교육 등을 강화하고 일상업무 활용에서 AI가...
91,"정부, '사람이 중심되는 신뢰할 수 있는 AI 실현전략' 마련",2021.05.13.,이미지=픽사베이 정부가 4차 산업혁명을 견인하는 범용기술인 인공지능(AI)의 부정적 영향에 대응하기 위한 '신뢰할 수 있는 인공지능 실현전략'을... 또 정부는 사회 전반에 건전한 인공지능 의식이 확산할 수 있도록 인공지능 윤리교육 총론을 마련하고 개발자·시민에게 맞춤형 교육도 진행할 예정이다. 아울러...
92,"SKT, '사람' 중심의 AI 추구 가치 정립",2021.05.13.,"AI를 선도하겠다는 의지를 반영했다. SKT는 5월 중 AI 추구 가치를 사규에 반영해 전 구성원이 경영활동의 근간으로 삼도록 하고 상반기 내 전사 교육... 교수(윤리 법학)와 서울대 법대 박상철 교수(인공지능법), 서울과학기술대 김현경 교수(지적재산권, 정보기술), AI 사회적 기업인 테스트웍스 윤석원..."
93,"정부, ‘사람이 중심되는 신뢰할 수 있는 AI 실현전략’ 마련",2021.05.13.,제품서비스 개발검증인증단계 따라 신뢰확보 기준 제시지원2025년까지 단계적 추진 정부가 4차 산업혁명을 견인하는 범용기술인 인공지능(AI)의 부정적... 또 정부는 사회 전반에 건전한 인공지능 의식이 확산할 수 있도록 인공지능 윤리교육 총론을 마련하고 개발자시민에게 맞춤형 교육도 진행할 예정이다....
94,[한상기 칼럼] '신뢰'를 인공지능의 핵심 경쟁력으로 만들자,2021.05.13.,인공지능 윤리를 발표했다. 그러나 이런 원칙이나 가이드라인을 제정한다고 해서 인공지능 기술의 발전을 촉진하는 것은 아니다. 이제 원칙과 가이드라인 얘기는 그만하고 그에 맞는 기술 프레임워크를 개발하는 것이 더 중요하다. '이루다 AI'가 보여준 현재 인공지능 기술의 부족함이나 실 세계에서 적용...
95,"SKT, 'AI 컴퍼니'로 거듭난다…‘사람 중심의 AI‘ 핵심 가치 정립",2021.05.13.,"교수(인공지능법), 김현경 서울과학기술대 교수(지적재산권, 정보기술), 윤석원 테스트웍스의 대표, 오혜연 카이스트 전산학부 교수(소셜 컴퓨팅), 김윤 CTO가 참가한다. 자문단은 정기 회의를 통해 AI 윤리 관련 이슈를 논의하고, AI 적용 시스템을 강화하는 방안을 제안할 예정이다. 또한 5월과 6월 2회..."
96,"국가 'AI 실현전략' 발표…""신뢰성 높이고 민간 인증도 지원""",2021.05.13.,"신뢰할 수 있는 인공지능 실현전략의 비전·목표·추진전략. 사진/과기정통부 먼저 민간 기업·개발자가 개발 과정에서 참고할 가이드북을 보급한다. 개발 단계에서 AI 신뢰성과 관련한 법·제도·윤리사항을 담았고, 이후 이를 검증할 수 있는 절차·방법 등 체계를 마련한다. 아울러 민간 자율의 AI 제품..."
100,"SKT, 사람 중심 AI 이념 설정…AI 컴퍼니 혁신 본격화",2021.05.16.,"SK텔레콤은 이달 중 AI 추구 가치를 사규에 반영하여 전 구성원이 경영활동의 근간으로 삼도록 하고, 상반기 내 전사 교육 과정을 수립하여 AI... 교수(윤리 법학)와 박상철 서울대 법대 교수(인공지능법), 김현경 서울과학기술대 교수(지적재산권, 정보기술), AI 사회적 기업인 테스트웍스의 윤석원 대표..."
103,"갈수록 문턱 높아지는 글로벌 AI 규제…""결국 시장의 선택이 관건""",2021.05.14.,"◆ ""가이드라인 제시하며 AI 산업 싹 키울 때"" 정부가 이번에 제시한 '신뢰할 수 있는 인공지능 실현전략'을 보면, 신뢰구현 법제도·윤리·기술적 요구사항을 종합한 AI 개발 가이드북이나 AI 윤리기준 실천을 위한 윤리 교육 강화 및 개발자·이용자용 체크리스트는 얼핏 강화된 규제처럼 보인다는..."
105,"SKT, AI 회사로서 '사람 중심' 7대 추구 가치 정립",2021.05.13.,"있는 AI 기술을 열린 자세로 더 빠르게 적용, 도입해 선도할 수 있는 환경 조성을 하기 위해 추구하는 가치다. SKT는 5월 중 관련 교육을 구성원에게... 교수(윤리 법학)와 서울대 법대 박상철 교수(인공지능법), 서울과학기술대 김현경 교수(지적재산권, 정보기술), AI 사회적 기업인 테스트웍스 윤석원..."
106,"신뢰할 수 있는 인공지능, 모두가 누릴 수 있는 AI 구현... 정부, 3대 전략 1...",2021.05.13.,"이하, 과기정통부)는 13일, 대통령 직속 4차산업혁명위원회 제22차 전체회의에서 '사람이 중심이 되는 인공지능(AI)을 위한 신뢰할 수 있는 인공지능... 담은 인공지능 윤리교육 총론을 마련하고, 이를 토대로 연구·개발자, 일반시민 등 맞춤형 윤리 교육을 개발·실시한다. ▷주체별 체크리스트를 마련..."
107,안민석 국회의원 '인공지능기술 인재 양성 교육진흥법' 대표발의,2021.05.13.,위한 '인공지능교육진흥법안'을 대표 발의했다고 밝혔다. 안민석 의원에 따르면 최근 AI 인재 양성과 AI 교육이 교육정책의 중요한 화두가 되고 있으나 인간 중심 인공지능 교육을 범정부 차원에서 종합적으로 지원하는 법·제도 및 정책은 미흡한 실정이다. 인공지능교육진흥법안은 인간 중심의 윤리적 책임을...
108,"""AI 컴퍼니로의 혁신""...SKT, ‘사람’ 중심의 AI 추구 가치 정립",2021.05.13.,"SKT는 5월 중 AI 추구 가치를 사규에 반영하여 전 구성원이 경영활동의 근간으로 삼도록 하고, 상반기 내 전사 교육 과정을 수립해 AI 추구가치를... 교수(윤리 법학)와 박상철 서울대 법대 교수(인공지능법), 김현경 서울과학기술대 교수(지적재산권, 정보기술), AI 사회적 기업인 윤석원 테스트웍스 대표..."
109,"""제2의 이루다 사태 막자""... 이제 AI 서비스도 인증 받아야",2021.05.10.,"있는 인공지능 실현전략’을 발표했다. 과기정통부는 2025년까지 추진할 3대 전략과 10대 실행과제를 제시했다. 먼저 이루다 사태의 재발을 막기 위해 AI 기술이 접목된 제품과 서비스를 구현할 때 참고할 수 있는 가이드북을 내놓는다. 개발사들은 이를 통해 관련법과 제도, 윤리, 기술적 요구사항을 파악할..."
110,[기고] '사회적 가치 지향 인공지능(AI)' 확산을 통한 'K-인공지능 윤리 플랫...,2021.05.31.,윤리 교육으로 구성된다. 다음과 같이 과기정통부의 인공지능 윤리기준의 10대 핵심 요건 중 일부는 사회적 인공지능(AI-Social Tech) 인증 요건 이행을 통해 확립될 수 있다. ■ 인공지능 윤리기준의 요건 2 '프라이버시 보호'와 요건 7 '데이터 관리' : 인공지능이 학습한 데이터양이 그 품질과 활용에 막대한...
111,[해외 AI대학원] ② 카네기멜론(CMU): 머신러닝 학과의 효시,2021.05.31.,기술의 윤리적인 쟁점을 다루는 수업 등 다양한 하위 분야를 다루는 수업이 훨씬 많았습니다. 아무래도 학부가 한국 대학과 비교해 훨씬 크기 때문에... 국내 인공지능 대학원이 개선해야 할 점과 함께 설명 부탁드립니다. 김명언 님: CMU AI 교육을 받는 동안 과목별로 나오는 과제의 양도 많고 깊이도 깊어...
112,"인공지능협회, 사회적 인공지능 위한 업무협약 체결",2021.05.31.,"한국인공지능협회와 유엔(UN) 지속가능발전해법 네트워크 한국지부(SDSN Korea)가 5월 3일 서울 안암동 고려대학교에서 사회적 인공지능(AI) 발굴 및... 이와 함께 사회적 인공지능 제품, 서비스, 기업을 지속적으로 발굴하며 사회적 인공지능 생태계 발전을 위한 교육, 세미나, 전시회, 경진대회, 해외 진출..."
115,제2의 `이루다 사태` 막는다… AI 자율점검표 공개,2021.05.31.,"AI(인공지능) 서비스의 개발과 운영 시 발생할 수 있는 개인정보 침해를 예방하기 위한 안내서가 나왔다. 혐오·차별 발언과 개인정보 유출로 논란을 빚은... AI의 대규모 데이터의 처리, 복잡성·불투명성, 자동화·불확실성 등 개인정보 처리 특성을 고려해 개인정보 보호법과 과학기술정보통신부의 AI 윤리기준..."
118,"[기획연재]① 내년 모집 정원 2배 늘린다, 세계 AI연구 주도하는 KAIST AI대학...",2021.05.31.,소위 '이루다 사건'이 전국민에게 이슈가 된 만큼 AI 윤리 교육도 시작한다. 이번 가을학기부터 KAIST 인공지능대학원생들은 오혜연 교수의 AI 윤리 과목을 들을 수 있다. 작년 뉴립스(NeurIPS)에 채택된 한국 논문 60%는 KAIST에서 나왔습니다. -KAIST 인공지능대학원 정송 원장- 정송 KAIST 인공지능대학원장(사진...
119,"‘국민 플랫폼’ 카카오, ESG 닻 올렸다",2021.05.31.,2월엔 인공지능(AI) 윤리 교육을 시행했다. 인권경영선언문엔 국제연합(UN)의 △세계인권선언 △유엔기업과 인권이행지침 △국제노동기구(ILO) 선언에 관한 국제적 원칙을 담았다. 적용 범위는 카카오 본사는 물론 국내외 계열사와 그 구성원을 포함한다. 비즈니스 파트너에게도 ILO가 권고하는 노동 원칙이...
120,SKT ‘AI 기업’ 혁신 본격화… 추구가치 정립해 사규 반영,2021.05.31.,"AI를 선도하겠다는 의지를 반영했다. SKT는 5월 중 AI 추구 가치를 사규에 반영해 전 구성원이 경영활동의 근간으로 삼도록 하고, 상반기 내 전사 교육... 교수(윤리 법학)와 서울대 법대 박상철 교수(인공지능법), 서울과학기술대 김현경 교수(지적재산권, 정보기술), AI 사회적 기업인 테스트웍스 윤석원..."
121,"""포털 AI 알고리즘 투명해야""...검증은 온도차",2021.05.31.,포털의 인공지능 알고리즘이 투명하게 공개돼야 한다는데 전문가들의 의견이 모아졌다. 네이버와 카카오 역시 투명한 알고리즘 정책을 갖추고 있다는... 윤리헌장을 공포했고 사내 직원 교육도 이어가고 있다”고 답했다. 네이버 최재호 이사는 “편향성을 해소하기 위해 언론사 직접 편집을 도입했고 AI 편집은...
122,"[IT오늘] SK텔레콤이 정의한 AI 7대 추구 가치는?…KT, 韓 최초 AI 미디어 관...",2021.05.13.,"협력하며 AI를 선도하겠다는 의지가 포함됐다. SK텔레콤은 이달 내 AI 추구 가치를 사규에 반영하고, 상반기 내 전사 교육 과정을 수립하고 해당... 자문단에는 △오병철 연세대 법대 교수(윤리 법학) △박상철 서울대 법대 교수(인공지능법) △김현경 서울과학기술대 교수(지적재산권, 정보기술) △AI..."
123,"[코로나 시대 뉴노멀 2.0] 한국 사회, '뉴노멀 2.0'에 대비하라",2021.05.13.,"친환경과 지속가능한 경제, 기업의 책임 경영, 사회적 불균형·역차별 해소, 나라별·지역별 갈등·격차 완화, 빅데이터·인공지능(AI) 등 4차 산업혁명의... 산업통상자원부에 따르면 한국의 ESG 지표(K-ESG)에는 ▲기업의 사회적 책임 ▲임직원의 다양한 채용·교육·역량 개발 노력 ▲사업장 안전 등 근로환경..."
124,"서울과학기술대학교, '2021 대한민국 혁신기관' 선정",2021.05.31.,"'EPiC 졸업요건제'는 서울과기대 3대 인재상인 윤리적 인재(Ethic), 실천적 인재(Practicality), 창의적 인재(ideal Creativity)를 양성하기 위한 제도이다. '디스커버리학기제'는 4차 산업혁명의 변화에 대응해 신설된 신규 학기제다. 여름방학 기간을 3개월로 확대해 프로그램 기반 코딩스쿨, AI 인공지능스쿨..."
125,"개인정보위, AI서비스 개발·운영시 단계별 점검…'AI 자율점검표' 배포",2021.05.31.,"개인정보보호위원회는 업계의 의견을 수렴하고 전문가 및 전체회의 논의 등을 거쳐 '인공지능(AI) 개인정보보호 자율점검표(개발자/운영자용)'를... 이 자율점검표는 개인정보보호법과 과학기술정보통신부의 AI 윤리기준, 개인정보보호 중심설계(PbD) 원칙을 반영해 전 과정에서 지켜야 할 6대 핵심 원칙(적법성..."
131,"""뉴스 추천 중단할 수 있냐"" 질문에 네이버·카카오 답은",2021.05.27.,"2018년 카카오 알고리즘 윤리헌장을 발표했고 전 직원이 알고리즘 교육을 받고 있다. 더 투명하게 공개하도록 계속 검토하겠다""고 답했다. 정필모... 대신 인공지능이 어떤 목적을 갖고 있는지 구체화하는 논의는 중요하다""고 했다. 김동원 언론노조 정책실장도 ""소스코드까지 공개하는 것은 어렵다고 본다""며..."
132,[Who Is ?] 김영문 한국동서발전 사장,2021.05.13.,"구체적으로 마약 판독에 인공지능(AI)을 도입하면서 관련 조직을 보강하는 방안 등을 추진했다. 관세청이 조직화·국제화된 마약 밀수를 막기 위해... 김영문은 2019년 4월 한국경제 인터뷰에서 ""인천세관의 관련 업무 담당자를 모두 교체하는 한편 청렴과 부정청탁 회피 요령을 가르치는 교육을 했다""며..."
133,"SKT, 사람 중심 'AI 추구 가치' 정립…AI컴퍼니 전환 가속화",2021.05.13.,"SK텔레콤은 이달 중 AI 추구 가치를 사규에 반영, 전 구성원이 경영활동의 근간으로 삼도록 하고 상반기 내 전사 교육 과정을 수립하여 AI 추구가치를... 자문단에는 연세대 법대 오병철 교수(윤리 법학)와 서울대 법대 박상철 교수(인공지능법), 서울과학기술대 김현경 교수(지적재산권, 정보기술), AI..."
135,"이루다 사태 재발 막는다…개인정보위, AI 자율점검표 발표",2021.05.13.,대화형 인공지능(AI) 챗봇 '이루다' 관련 사태의 재발 방지 장치가 마련됐다. 민간기업이 AI 서비스 개발과 운영 간 발생할 수 있는 개인정보 침해를... 정부의 'AI윤리기준'을 반영했다. AI 서비스 기획·설계 단계에 PbD 원칙을 적용하고 개인정보영향평가를 수행하도록 했다. PbD 원칙은 제품과 서비스를...
137,"SK텔레콤, '사람 중심 AI' 추구 가치 정립...AI 컴퍼니로 혁신 본격화",2021.05.13.,"SKT는 이달중 AI 추구 가치를 사규에 반영해 전 구성원이 경영활동의 근간으로 삼도록 하고, 상반기 내 전사 교육 과정을 수립하여 AI 추구가치를... 교수(윤리 법학)와 서울대 법대 박상철 교수(인공지능법), 서울과학기술대 김현경 교수(지적재산권, 정보기술), AI 사회적 기업인 테스트웍스 윤석원 대표..."
139,"AI 보안 1기 석사학위를 노려라, 동국대 국제정보보호대학원 입학전형 실시",2021.05.13.,"인공지능 도입 및 확산 가속화될수록 인공지능 윤리, 인공지능 보안 등 중요성도 커져동국대학교 국제정보보호대학원, 1기 인공지능보안 석사과정... 특히, 올해 새롭게 개설된 인공지능보안전공의 경우 1기 수강생을 모집하고 있으며, 교육 수료 시 국내에서 처음으로 ‘인공지능보안’ 분야의..."
140,도마 오른 ‘포털 알고리즘 공정성’…“투명하게 공개” “남용 우려”,2021.05.13.,"있다”면서 “인공지능(AI)은 단순 기계가 아닌 사람과 상호작용을 하는 시스템이기 때문에 사람한테 요구하는 것을 그대로 요구할 필요가 있다”고 말했다. 그러면서 “데이터가 가진 공정성을 누가 판단해야 하냐고 한다면, 근본적으로 소비자도 교육시키고, 연구개발자와 정부가 모두 모여 모니터링하는 것이..."
141,"[테마캠퍼스/가톨릭대학교] ""의생명·4차 산업혁명 첨단 클러스터 구축 '총력...",2021.05.13.,졸업생들은 △인공지능 프로그래밍 △지능형 소프트웨어 개발 △의료 AI 시스템 프로그래밍 △게임프로그래밍 △드론 개발 △로봇공학 기술... 윤리적 리더 양성 위한 체계적 교양 교육 가톨릭대의 교양 교육은 윤리적 품성과 창의적 문제 해결 능력 함양에 초점을 둔 자체 특화 교육 브랜드로 명성이 높다....
142,[Who Is ?] 이용섭 광주광역시 시장,2021.05.13.,"광주에 인공지능(AI), 신재생에너지산업을 육성하고, 상생형 일자리를 늘리기 위해 온힘을 쏟고 있다. 수도권 집중화에 대응하기 위해 광주시와 전남의... '광주형 일자리'는 노사민정 대타협을 통해 노동자 임금을 낮추는 대신 주택·교육·의료 등을 지원해 실질적 임금을 높여주는 일자리 정책을 말한다...."
143,"정부, ‘신뢰할 수 있는 AI 실현전략’ 발표··· “이루다 사태 재발 막는다...",2021.05.13.,"정부가 ‘신뢰할 수 있는 인공지능(AI) 실현전략’을 발표했다. 개인정보를 오·남용한 AI 챗봇 서비스 ‘이루다’나 가짜뉴스 확산 및 불법 포르노... 10대 실행과제는 AI 제품·서비스 구현 단계별 신뢰 확보 체계 마련 및 AI 학습용 데이터의 신뢰성 제고, AI 윤리 교육과 주체별 체크리스트 마련 등이다. AI..."
144,SKT 사람 중심 AI 추구 가치 제정,2021.05.13.,"SK텔레콤은 ‘사람 중심의 인공지능(AI)’을 핵심으로 하는 AI 추구 가치 제정을 선언하고, AI 컴퍼니로의 혁신을 본격화한다고 13일 밝혔다. SK텔레콤이... 전사 교육 과정을 수립할 계획이다. 다양한 분야의 전문성을 반영하기 위해 자문단도 구성했다. 자문단은 정기 회의를 통해 AI 윤리 관련 이슈를..."
145,학생 맞춤형 공간·교육 통해 '세종 고교학점제' 선도한다,2021.05.12.,"반곡고는 2020년에 교과특성화학교로 지정돼 2년째 AI·국제교류 중점 교육과정을 운영하고 있다. 미래 사회를 이끌어나갈 인공지능 창의융합형 인재를... 속에서 인공지능의 윤리적 결정에 대한 사회적 인식, 딥페이크 기술의 양면성 등에 대해 심도 있게 토의해 인공지능 사회에서 요구되는 윤리 의식을..."
146,"서울과학기술대학교, '대한민국 혁신인물(기업·기관) 브랜드 대상' 수상",2021.05.12.,"다양한 교육적 경험을 유도하는 한편, 서울과기대 3대 인재상인 ▲윤리적 인재(Ethic) ▲실천적 인재(Practicality) ▲창의적 인재(ideal Creativity)와 6대... 기존 2개월이던 여름방학기간을 3개월로 확대하여 4개 분야 ▲파이썬 등 프로그램 기반 코딩스쿨 ▲AI 인공지능스쿨 ▲메이커스 기반 창업스쿨 ▲반도체 및..."
149,"'제2의 이루다 막자'…개보위, AI 개발자 위한 자율점검표 마련",2021.05.12.,개인정보보호위원회(개보위·위원장 윤종인)는 12일 인공지능(AI) 서비스 개발자·운영자를 위한 'AI 관련 개인정보보호 자율점검표'를 이달 말 발표할... AI 개발자·운영자는 단계별 체크 항목에 따라 자율적으로 관계 법령 준수사항 등을 점검할 수 있으며 교육 등에도 활용할 수 있다. 특히 AI 스타트업 등...
150,“AI 컴퍼니 DNA로 싹 바꾼다”…SK텔레콤 탈바꿈 첫 걸음,2021.05.12.,"SK텔레콤이 ‘인공지능(AI) 컴퍼니’로 도약하기 위해 ‘사람 중심의 AI’를 핵심으로 하는 7대 AI 이념을 마련했다. 올 초 박정호〈사진〉 SK텔레콤... 아울러 ‘지속혁신’은 AI 기술과 사회 환경에 대응해 AI를 선도하겠다는 의지를 반영했다. ▶사규 반영, 구성원 교육…‘AI 체질개선’ 속도= SK텔레콤은..."
151,"SKT, ‘사람’ 중심의 AI 가치 추구",2021.05.12.,전사 교육 과정을 수립하여 AI 추구가치를 내재화하도록 할 계획이다. SKT는 이번 AI 추구 가치에 다양한 분야의 전문성을 반영하기 위해 전문가 자문단을 구성했다. 자문단에는 이번 추구 가치 제정의 자문 역할을 한 연세대 법대 오병철 교수(윤리 법학)와 서울대 법대 박상철 교수(인공지능법)...
156,포스텍 소통과 공론 연구소 2021년 정기 심포지엄 개최,2021.05.13.,"2부에서는 POSTECH 환경공학부 최원용 교수와 서울대 철학과 천현득 교수가 '지속가능한 환경과 과학기술', '인공지능에서 윤리가 왜 문제인가'라는... 통해 공적 가치로 수렴될 수 있기를 희망한다""고 전했다 포스텍 소통과 공론 연구소 2021년 정기 심포지엄 개최 ▲교육전문신문 베리타스알파 [베리타스알파=]"
157,"[생생경제] 메타버스에 사는 포노사피엔스 (최재붕, 김상균 교수)",2021.05.13.,그래서 심지어는 오프라인이 더 좋다는 교육까지 강제로 얘들 학교에 안 보내잖아요? 이거 하나를 보더라도 인류가 이 새로운 디지털 공간으로 이... ◆ 최재붕> 그런데 사실 지난 10년 간 인공지능이 도입되면서 과연 일자리가 없어졌느냐하는 문제를 보면 늘었다는 게 통계 결과입니다. 대표적인 게 이제 번역에...
159,"개인정보위, 이달 말 `AI 관련 개인정보보호 자율점검표` 공개",2021.05.12.,"개인정보보호위원회가 'AI(인공지능) 관련 개인정보보호 자율점검표'를 이달 말 발표할 계획이라고 12일 밝혔다. AI 관련 개인정보보호 자율점검표는 AI... AI 개발자·운영자는 단계별 체크항목에 따라 자율적으로 점검할 수 있으며, 교육 등에도 활용할 수 있다. 개인정보위는 향후 AI 업계의 개인정보보호 관련..."
160,"[전문] ""코로나 위기 최단 기간 극복"" 임혜숙 과기부 장관 후보자, 5G 전국망...",2021.05.12.,"위기를 타개하기 위해 “전 분야에서 데이터 댐과 인공지능의 접목 등 디지털 혁신 인프라를 시급히 확충하고 각계에서 필요로 하는 인공지능(AI)... 저는 지난 30여 년간 디지털 전환의 핵심이 되는 초고속통신과 차세대인터넷 분야에서 기술 발전과 인력 양성에 매진해 온 연구자이자 교육자로서, 결국 세상을..."
162,"SK텔레콤, 사람 중심의 'AI 컴퍼니' 전환 선언",2021.05.12.,"5월 중 이와 같은 내용을 사규에 반영, 전 구성원이 경영 활동의 근간으로 삼도록 하는 것과 함께 상반기 내 교육 과정을 수립하여 내재화하도록 할... 교수(윤리 법학)와 서울대 법대 박상철 교수(인공지능법), 서울과학기술대 김현경 교수(지적재산권, 정보기술), AI 사회적 기업인 테스트웍스 윤석원 대표..."
170,"개인정보위, 개발·운영자 'AI 개인정보보호 자율점검표' 이달 말 공개",2021.05.12.,"뉴스토마토 = 김동현 기자 | 개인정보보호위원회는 인공지능(AI) 서비스 개발·운영자가 알아야 할 개인정보보호 법령상 의무사항과 참고사항 등을... AI 개발·운영자는 단계별 체크항목에 따라 자율적으로 점검할 수 있고, 교육 등에도 활용할 수 있다. AI 관련 개인정보보호 6대 원칙. 사진/개인정보위 AI 관련..."
176,"SK텔레콤, ‘사람’ 중심 AI 추구 가치 정립…‘AI 컴퍼니’ 혁신 본격화",2021.05.04.,"선언하고 인공지능(AI) 컴퍼니로의 혁신을 본격화한다고 밝혔다. SK텔레콤은 이를 기반으로 사규 반영 및 AI 서비스 체크리스트 개발 등 경영 시스템... 우선 이달 중 AI 추구 가치를 사규에 반영해 전 구성원이 경영활동의 근간으로 삼도록 하고, 상반기 내 전사 교육 과정도 수립할 계획이다. 또한 이를..."
177,인천대 현장맞춤형 실전문제연구단 제5기 연구팀 발대식 개최,2021.05.04.,"‘2017년도부터 시작된 본 사업은 바이오, 인공지능, 빅데이터 등 연구 분야를 중심으로 산업체 및 지역사회로부터 도출된 연구주제 수행을 위한... 연구 윤리 의식 제고를 위한 교육이 함께 실시됐다. 연구단 관계자는 5년차를 맞아 더욱 성숙된 연구 성과가 기대된다. 또한 산학협력 기반 지역 문제 해결..."
178,"개인정보위, AI 개발자‧운영자가 점검할 수 있는 개인정보보호 기준 제시",2021.05.04.,"이하, 개인정보위)는 인공지능(AI) 서비스 개발자 및 운영자가 반드시 알아야 할 개인정보보호 법령 상 의무사항과 참고사항 등을 안내하고, 스스로 점검... AI 개발자·운영자는 단계별 체크항목에 따라 자율적으로 점검할 수 있으며, 교육 등에도 활용할 수 있다. 특히, AI 스타트업 등 중소기업은 '개인정보..."
179,환경·빈곤 등 인류문제 해결 세계 최고 스타트업 가린다,2021.05.04.,"(AgTech), 교육, 헬스케어, 교통·스마트시티, 기반 기술(Enabling Tech), 클린테크(CleanTech) 등 7개 부문 결승무대로 진행된다. 부문별 우승자 선정과는 별개로 특별상 수상 기업도 선정한다. 특별상이 수여되는 분야는 코로나19 혁신, 여성 창업가, 윤리적 인공지능(Ethical AI), 포지티브 홈(Positive Home) 등이다...."
180,"서울사이버대, K-MOOC 12개 과정 공개강좌 실시",2021.05.04.,이는 4차 산업혁명과 웹 문학 시대의 수요에 맞춰 웹스토리 작가 관련 교육·역량을 강화할 수 있는 과정으로 구성됐다. 또한 인공지능(AI)강좌인 '인공지능 윤리'(컴퓨터공학과 이성태 교수 외 1인) 강좌는 인공지능 기술의 발전과 함께 적극적으로 논의해야 하는 인공지능 윤리를 다룬다. 서울사이버대는...
181,"임혜숙 장관 후보자 ""디지털 뉴딜 성공으로 대한민국 대전환 기여""",2021.05.04.,"온라인 교육‧종교‧문화 활동을 폭넓게 지원하고, 원활한 재택근무 환경도 확산시켜 나가겠다""고 설명했다. 또한 ""취약계층의 통신비 부담 경감과 디지털 역량 제고 지원, 정보통신망 안전과 사이버 보안에 만전을 기하겠다""면서 ""플랫폼 경제에서의 이용자 보호, 인공지능 시대 윤리와 신뢰성 제고 등 4차..."
182,"[종합] 임혜숙, 청문회서 진땀…野 ‘여자 조국’ 맹공",2021.05.04.,"정부 지원금 수주를 목적으로 학술지에 중복 게재했다는 의혹에 대해서는 “이공계 연구윤리 및 출판윤리 매뉴얼에 따르면 석·박사 학위 논문의 학술지... 5G부터 10기가 인터넷 품질문제, OTT 부처 주도권을 비롯해 코로나19 백신 공급, 인공지능(AI)‧소프트웨어(SW) 인재양성 등 과기정통부를 둘러싼 다양한..."
183,"서울사이버대, K-MOOC 12개 과정 공개강좌 실시",2021.05.04.,묶음강좌로는 웹·문예창작학과 교수진이 참여한 △웹스토리 작가양성 과정(김용희 교수 외 5인)은 4차 산업혁명과 웹 문학 시대의 수요에 따른 웹스토리 작가 관련 교육 및 역량을 강화할 수 있는 과정으로 구성되어 있다. 인공지능(AI)강좌인 △인공지능 윤리(컴퓨터공학과 이성태 교수 외 1인)는 인공지능...
184,임혜숙 장관 후보 “과학기술‧ICT로 코로나 위기 최단기간 극복”,2021.05.04.,이 외에도 ▲국산 치료제 및 백신 개발 지원 ▲온라인 교육‧종교‧문화 활동 지원 ▲재택근무 환경 확산 ▲취약계층 통신비 부담 경감 ▲정보통신망 안전과 사이버보안 ▲플랫폼경제 이용자 보호 ▲인공지능 윤리와 신뢰성 제고 ▲집배원 노동조건 개선 등에 대해서도 최선의 노력을 다하겠다고 밝혔다.
187,"[대일응접실] ""산학일체 혁신으로 지방대학 위기 돌파""",2021.05.04.,"최 총장은 ""4차 산업 시대 미래인재상의 핵심 콘셉트는 '기본이 강한 글로컬 리더'""라며 ""미래인재상이 갖춰야 할 역량으로, 인성윤리·의사소통·실용전문... 등 교육과 연구, 산학협력의 인프라가 되고 있다""며 ""미래 사회 경쟁력을 키우기 위해 2022학년도에는 모바일융합공학과, 지능미디어공학과, 인공지능소프..."
188,"[CSR탐방] 삼성전자, 기업정체성 반영한 사회공헌활동(上)",2021.05.03.,올해 커리큘럼은 ▲인공지능(AI) 이해 ▲AI 실습 ▲스스로 문제 해결 능력을 향상시키는 프로젝트 수업 ▲AI 윤리 등으로 구성된다. 이같은 삼성전자의 SW 교육 기부 프로그램은 비단 초·중학교 대상에만 머물지 않는다. 청년 대상인 '삼성 청년 소프트웨어 아카데미'(SSAFY·Samsung SW Academy For Youth)도 지난...
189,"서울사이버대, K-MOOC 12개 과정 공개강좌 실시",2021.05.03.,"묶음강좌로는 웹•문예창작학과 교수진이 참여한 ▲웹스토리 작가양성 과정(김용희 교수 외 5인)은 4차 산업혁명과 웹 문학 시대의 수요에 따른 웹스토리 작가 관련 교육, 역량을 강화할 수 있는 과정으로 구성돼 있다. 또한 인공지능(AI)강좌인 ▲인공지능 윤리(이성태 컴퓨터공학과 교수 외 1인)는 인공지능..."
190,"""차가운 머리와 뜨거운 가슴...함께 뛸 인재 찾아요""",2021.05.04.,"안 팀장은 ""제약영업은 사람의 생명과 직결되는 분야다""라며 ""일반적인 윤리의식보다 높은 사명감으로 국민건강에 이바지한다는 마음가짐이 필요하다... 초기라 AI역량검사 결과에 100% 의존할 수 없다고 판단해 사내 면접관의 2차확인을 거치고 있는데, 상당 부분 일치해서 놀라웠다는 귀띔이다. 인공지능을..."
