Unnamed: 0,제목,날짜,본문
0,"[AI 신간] AIBB LAB 장동인 대표, 'AI로 일하는 기술' 출간",2021.12.19.,"기업의 임원들이 직접 AI 코딩을 할 줄 알아야 막연하게만 부르짖던 인공지능의 실체를 확실히 이해할 수 있고, 그래야 기업 환경에 맞는 정확한 의사 결정을 내릴 수 있다. 또한 외부 전문가 영입 못지않게 내부 직원 교육도 중요하다. 이렇게 임원을 포함한 모든 직원이 인공지능을 잘 알고 있다고 말할 수..."
1,"""집집마다 AI 쓴다면 전기료 감당 안될 것…지금부터 대비해야""",2021.12.19.,"집집마다 모두가 인공지능(AI)을 쓰게 된다고 생각해보라. 지금 같은 구조로는 전기 수요를 감당할 수가 없을 것이다."" 지난 24일 만난 전성배... 나아가 제도적·윤리적·계약적·법률적 문제가 메타버스에서도 생길 거고 이 특이사항들을 제어할 수 있어야 한다. 이 세 가지가 갖춰지면 메타버스 시대가 올 것..."
2,"과기정통부 ""플랫폼 기업 AI 검색 추천에도 가이드라인 만든다""",2021.12.15.,인공지능(AI) 추천 서비스에 대한 새로운 가이드라인이 곧 등장할 것으로 예상된다. 방통위가 지난 5월 제시한 기존 권고안은 디지털 '미디어' 플랫폼만... AI 기술 개발 안내서에 투명성 내용 포함...AI 윤리 교육 콘텐츠도 제작 AI 기술 개발 안내서에도 투명성 관련 체크리스트를 포함하는 작업이 이뤄지고 있다....
3,"""제2의 '이루다 사태' 막을 것""…AI 한계 잡는 가이드라인 탄생",2021.12.15.,"키워드는 인공지능 윤리원칙 분석 보고서 '하버드 법대 버크만 센터의 원칙에 입각한 인공지능(Principled Artificial Intelligence)을 중심으로'에서 제시한 범주를 참고했다. 해당 가이드라인은 AI 개발 주체, 이용자, 정부 당국 등의 기본 원칙을 16개 키워드, 52개 항목으로 분류했다. 주요 키워드로는 개인..."
4,"삼성전자, 디지털 포용성 평가에서 글로벌 4위...AI 윤리 원칙 공개, C랩 사외...",2021.12.08.,"삼성전자는 이번 '디지털 포용성' 평가에서 인공지능(AI) 분야에서 공정성·투명성·책임성을 추구하는 'AI 윤리 원칙' 공개, 사외 스타트업 육성... 소프트웨어 교육 프로그램인 '삼성 주니어 SW 아카데미', 청소년과 미취업 청년에게 IT 프로그래밍, AI 기술 교육을 지원하는 '삼성 이노베이션 캠퍼스..."
5,제주대 사범대학 윤리교육과 학생 '시민교육 수업경진대회' 장려상,2021.12.08.,김동창·김태경 교수가 지도한 '공유 팀'은 'AI리터러시 시민교육을 주제로 한 인공지능 기술의 사회적 책임과 AI시민성 수업'을 선보였다. '너영나영 팀'의 경우 '미디어 리터러시 시민교육을 주제로 한 뉴미디어의 종류와 올바른 사용 방법에 대한 모의수업'을 진행했다. 한편 제주대 윤리교육과는 예비교사...
6,"AI 대선 후보 등장에…""정치권 딥페이크 활용 가이드라인 필요""",2021.12.08.,"전창배 한국인공지능윤리협회 이사장은 ""AI 기술을 모든 산업과 다양한 영역에서 사용될 수 있고, 사용돼야 한다. 정치 분야에서도 디지털휴먼이나 AI를... 전 이사장은 ""정부·학계·기업·시민사회 등 AI 관련 주체들은 이런 AI 기술의 양면성을 인식하고 제도적·기술적·교육적 대응과 예방 방안을 마련하는..."
7,"[스페셜리포트]정부, 디지털 전환 촉진…신산업 선도국 지위 확보",2021.12.08.,"'인공지능교육법'과 윤리기준을 제정해 AI를 체계적이고 안전하게 활용하도록 준비한다. 디지털 등 신기술을 선도하는 혁신인재도 폭넓게 양성한다. 교육자원을 공유·개방하는 디지털 신기술 분야 '혁신공유대학', 산업 맞춤형 인재를 키우는 '3단계 산학연협력 선도대학 육성사업' 등 대학 역할을 강화한다...."
8,"인사처, 공무원 응시 연령 18~19세 하향 추진",2021.12.28.,"적극 행정에 대한 국민 공감대를 넓히고 공직 문화, 관리 체계를 개선하는 한편 재산등록, 공직윤리를 강화하기로 했다. 인사처는 29일 이 같은 내용이... 인사 운영 자율성은 강화되며, 공무원 교육훈련은 수요자 중심으로 개편된다. 국가인재데이터베이스 활용과 인공지능(AI) 기반 기능형 인재 추천 서비스도..."
9,AI가 낸 사고 다루려면 어떤 법 필요할까? 자율주행차부터 AI 챗봇까지,2021.12.28.,"법조계 전문가들이 모여 인공지능(AI)을 통해 피해를 입었을 시 필요한 법제도를 논의하는 자리가 마련됐다. 과기정통부는 9일 코엑스에서 '제3차... 윤리적인 데이터셋을 제대로 만들고 이에 대해 교육을 잘 시켜야 한다""고 강조했다. AI에 악의적으로 욕설, 인종차별 발언 등을 해 잘못된 데이터를 반영하도록..."
10,"AI 석학 스튜어트 러셀 교수, ""윤리적 AI 위해서 AI 기술 연구자들이 핵심적인...",2021.12.28.,"- 스튜어트 러셀(Stuart Russell) 윤리적인 인공지능(AI)을 만들기 위해서는 AI 기술 연구자들의 역할이 핵심이라는 전문가 주장이 나왔다. 세계에서 가장... 능력을 지능이라고 한다. 스튜어트 러셀 교수는 ""이러한 목표가 성공하면 세계 GDP는 10배 이상 상승할 것이다. 건강, 교육, 과학 등에서 우리 문명이..."
11,"[AI 북터뷰]""국가 안보 강화에 AI 도입 필요""...'인공지능 기반의 국가위기관...",2021.12.30.,"(사진=김동원 기자) 인공지능(AI). 2016년 알파고와 이세돌 프로바둑기사가 대전을 했을 때만 해도 생소했던 AI가 어느새 일상에서 쉽게 찾아볼 수 있는 존재가 됐다. 산업, 교육, 금융, 쇼핑 등 분야를 막론하고 AI는 사용자 편의를 위한 도구로 자리 잡았다. 인터넷 쇼핑만 해도 AI를 쉽게 찾아볼 수 있다. AI가..."
12,[초점] '5개 부처 합동' 2022년 업무계획 발표,2021.12.28.,"메타버스 플랫폼 개발 및 기업 지원을 위한 초광역 허브를 구축하고, 공공·민간의 클라우드 전환 확대, 초거대 인공지능(AI) 활용 지원, 6G·양자... 추진하며, '인공지능교육법'과 윤리기준 제정(2022년 하반기)을 통해 인공지능의 체계적이고 안전한 활용도 준비한다. 또한 탄소중립 등 지속가능한 미래를..."
13,"부경대, 정보융합대학 신설...단과대 혁신 나서",2021.12.22.,"대학은 22일 신설 단과대학인 정보융합대학 출범 기념 온라인 워크숍 'AI시대, 교육의 미래를 엿보다'를 열었다. 이날 행사는 융·복합 학문 교육과 미래... 이사의 '인공지능과 윤리'로 이어졌다. 부경대가 학문 분야에 따른 별도 단과대학을 잇달아 신설한 것은 정부의 평생교육 정책사업으로 문을 연..."
14,메타버스에서 '억대 연봉' 버는 사람들,2021.12.22.,"그는 ""우리는 대학교와 고등학교, 온라인 교육 기관과 협력해 더 많은 사람이 메타버스에서 활용할 수 있는 도구를 접할 수 있도록 하고 있다""며 ""이를... 예를 들어 인공지능(AI) 인플루언서 로지는 100건이 넘는 후원을 받았다. 대기업 롯데홈쇼핑의 가상모델 루시의 인스타그램 팔로워 수는 6만 명이 넘는다...."
15,[Who Is ?] 김동섭 한국석유공사 사장,2021.12.22.,"△청렴·반부채 정책 추진 김동섭은 윤리경영 강화 및 기업 투명성 확대를 위해 힘쓰고 있다. 한국석유공사는 2021년 10월 반부패·청렴 정책 추진의... "" (2021/06/08, 한국석유공사 사장 취임사에서) ""인공지능(AI)의 제조현장 적용의 가장 큰 장점은 지금까지 많은 경험이나 숙련도에 의존했던 업무가 데이터화..."
16,엔씨소프트 ‘ESG 경영’ 10개월만에 세계적 반열 올랐다,2021.12.22.,엔씨는 내년에도 AI(인공지능) 윤리 등 IT 기업의 특징을 살린 ESG 경영 계획을 지체 없이 추진한다는 계획이다. 글로벌 ESG 평가 기관인... 통해 AI 윤리 담론을 토의했다. 엔씨는 지난해부터 NC문화재단을 통해 세 대학의 AI 윤리 교육 커리큘럼 개발 연구를 후원하고 있다. 연구 결과는 공익 목적으로 전...
17,"삼성전자, WBA '디지털 포용성 평가' 글로벌 4위",2021.12.08.,"삼성전자는 이번 '디지털 포용성' 평가에서 ▲인공지능(AI) 분야에서 공정성·투명성·책임성을 추구하는 'AI 윤리 원칙' 공개 ▲사외 스타트업 육성... 소프트웨어 교육 프로그램인 '삼성 주니어 SW 아카데미', 청소년과 미취업 청년에게 IT 프로그래밍, AI 기술 교육을 지원하는 '삼성 이노베이션 캠퍼스..."
18,"“한국, 일본‧EU와 달라” 내년 디지털플랫폼 진흥정책 제안",2021.12.08.,"예를 들어, 인공지능(AI) 활용 신기술 플랫폼 사업을 발굴해 선도사업으로 진행하거나 환경보호‧사회약자배려와 같은 플랫폼 사업을 전개하면... 4분과에서는 ▲AI윤리 교육 콘텐츠 개발 기준 마련(12월) 및 콘텐츠 제작(내년 하반기) ▲온라인 검색‧추천 서비스 투명성 가이드라인 ▲AI윤리 자율점검표..."
19,"씨큐브코딩, 2022 겨울방학 코딩캠프 수강생 모집",2021.12.08.,"초·중·고 정규 교육과정을 통해 디지털 지식과 기술, 윤리 의식, 디지털 응용력 등을 향상한다는 계획이다. 인공지능, 빅데이터 등 신기술 관련... 코딩 입문자를 위한 '코딩 스노잉', 다양한 프로그래밍 언어로 직접 게임을 만드는 '게임/AI 슬로프', 디지털 기기와 도구를 활용해 창의적 생각을..."
20,"[로그人] 진승혁 클레온 대표 ""AI로 의사소통 장벽 허물겠다""",2021.12.08.,컬처 콘텐츠 인공지능(AI) 기업 클레온이 자체 개발한 ‘딥휴먼 기술' 기반의 서비스 ‘카멜로’와 ‘클링’이 시장에서 주목을 받는다. CES 2022... 딥페이크나 윤리적 문제를 방지하기 위해 포르노나 유명인 불법 촬영물을 걸러내는 필터도 만들었다. 클론은 2022년 1분기 출시될 가상인물 챗봇이다. 화상 채팅...
21,[2022 정시 입학정보] 숭실대학교,2021.12.10.,"함께하는 'AI모빌리티 융합전공'은 인공지능과 자율주행, 차세대 모빌리티 기술(V2X 등), 빅데이터 분석 분야 등 융·복합 교육을 통해 산업 현장에서... 교육하고 연구하는 학과다. AI융합학부에서는 4가지의 교육 철학을 중심으로 AI기술 기반 융합형 인재를 육성하고 있다. 4가지의 교육 철학은 ▲윤리적..."
22,중등교원 양성 규모 줄인다…사범대 나와야만 국영수 교사된다,2021.12.10.,"과정과 교육대학원을 중심으로 양성한다. 인공지능(AI), 드론 등 신규분야 교직과정은 입학정원 30% 내에서 운영이 가능하도록 해 현행 10%보다 확대하고... 이 밖에 교원 양성 과정에서 윤리의식, 인성 등 바른 교직관을 갖춘 교원을 양성할 수 있도록 대학 생활 기록 등을 종합적으로 검토하는 적·인성 검증체계를..."
23,"부경대, '정보융합대학 신설' 단과대 혁신 나섰다",2021.12.10.,"23일 부경대에 따르면 지난 22일 오후 1시 30분 교내 향파관 2층 회의실에서 신설 단과대학인 정보융합대학 출범 기념 워크숍 'AI시대, 교육의 미래를... 이사의 '인공지능과 윤리' 등 강연이 진행됐다. 송하주 정보융합대학 설립위원장은 ""이번 단과대학 신설로 새로운 학문과 산업 발전을 이끌고, 특성화된..."
24,"대구대, 사랑의 희망은행과 ‘업무협약 체결’ 외 [대학소식]",2021.12.10.,류정탁)은 ‘인공지능 드론을 이용한 자율 방범’ 주제로 사용자가 앱으로 드론을 호출해 사용자의 주위에서 빛을 비춰주며 안전한 귀가를 돕는다는 내용으로 장려상을 수상했다. 오유수 대구대 AI학부 교수는 “수요자 중심의 AI 교육을 통해 조기에 학생들의 AI 실무 능력을 함양했다”면서 “그 결과 이번...
25,"""게임부터 교육까지""… 메타버스 업계, '동심잡기' 나선 이유",2021.12.08.,"어린이들을 위한 게임·미디어 콘텐츠뿐만 아니라 비대면 수업, 실감학습 등 다양한 교육분야에서 메타버스를 응용하는 방법이 무궁무진하다.... 실제로 한국인공지능윤리협회(KAIEA)가 20일 발표한 '메타버스 서비스 이용 현황 조사'에 따르면 국내 초등학생들의 대다수가 메타버스 서비스를 이용해본 것으로..."
26,"용산구, 코로나19 재택치료TF 3개팀 38명으로 확대 운영",2021.12.08.,"교육을 철저히 실시하고 있다는 점에서 좋은 평가를 받았다. 그 외도 적정한 재산등록사항 심사, 주식백지신탁제도 운영 등 공정하고 투명한 공직윤리... 이밖에도, 구는 자원선순환 재활용 체계를 구축하기 위해 ▲인공지능(AI) 재활용품 자동회수기‘네프론’ 설치 ▲주택가 재활용정거장 확충 ▲아이스팩..."
27,전통 로펌의 아성에 도전하는 다크호스들,2021.12.08.,AI사업팀은 올해 6월 ‘법정에 선 인공지능’을 주제로 AI 콜로키움 온라인 행사를 진행함으로써 AI 윤리와 규범에 관한 대중적인 논의의 장을... AI와 관련해 꼭 한 번 짚고 넘어가야 할 이슈인 개인 정보와 지식재산권을 비롯해 교육·에너지·헬스케어·자율주행·로봇 등의 산업군에서 살펴봐야 할 정책과...
28,"[가짜뉴스와 전쟁②]표완수 이사장 ""디지털 시대에도 저널리즘 원칙 지키는 것...",2021.12.08.,"등 교육 제공"" 재단, 인공지능(AI) 기반 언어 모델 개발 온라인 뉴스 거래 플랫폼 '뉴스토어' 구축 ""팩트 체크 기능을 강화하는 노력을 [서울=뉴시스] 이수지... 그러면서""재단도 개별 언론사의 노력을 돕기 위해 심층 기획취재 지원을 확대하고 팩트 체크나 언론윤리 관련 교육을 강화하는 등 다양한 노력을 할 것..."
29,"삼성전자, 디지털 포용성 평가서 세계 4위…작년보다 6계단↑",2021.12.20.,삼성전자는 디지털 포용성 평가와 관련해 ▲ 인공지능(AI) 분야에서 공정성·투명성·책임성을 추구하는 'AI 윤리 원칙' 공개 ▲ 사외 스타트업 육성... 아울러 초·중학생 소프트웨어 교육 프로그램인 '삼성 주니어 SW 아카데미'를 운영하는 등 청소년 교육 중심의 사회공헌 활동도 높은 평가를 받았다.
30,"세종시 다정중, 창업으로 세상을 품다",2021.12.09.,창업가정신 교육은 반드시 창업을 하거나 기업가가 아니더라도 자신의 삶을 주도적으로 이끌고 스스로를 혁신할 수 있는 능력을 갖춰 나가기 위한... 이 수업에서는 ▲인공지능(AI)의 전반적 이해 ▲일상생활 속 AI 서비스 경험 및 기업가정신의 필요성 ▲AI&DATA 윤리와 규범에 대한 고민과 다양한 AI 기술 활용에...
31,"""동국대 식품공학 전공의 역사는 한국 식품공학의 역사""",2021.12.09.,"전공 교육과 연구에 접목하며, 푸드테크 스타트업 중심 학과로 한국 푸드테크를 선도해야 한다""고 말했다. 미국 일리노이대학 진용수 교수는 이날... 사회윤리(Social ethics), 수요 공급 긴밀성(Direct to customer), 투명성(Transparency), 기호 다양성(Variable demand), 인공지능 맞춤형(AI customization) 등 6개 식품 변화..."
32,[2022 정시 입학정보] 고려대학교,2021.12.09.,"다양한 교육을 제공한다. 대표적인 융합전공으로는 ▲심리, 뇌인지, 수학, 인공지능 등의 교과과정으로 구성되는 뇌인지과학 융합전공 ▲언어, 뇌... 사회공헌 · 비교과 활동 강화 고려대는 단편적인 지식이나 일방적인 신념을 가진 인재가 아닌 통합적이고 윤리적인 사고를 할 수 있는 인재를 배출하기..."
33,"유영상 SK텔레콤 대표, 과학기술훈장 웅비장 수훈",2021.12.09.,방송통신위원회는 지난 27일 한국지능정보사회진흥원(NIA)과 ‘제1회 인터넷·통신 이용자보호 유공 포상’ 및 ‘2021 인터넷윤리대전’ 통합 시상식을... AI(인공지능) 상담을 통해 신속하고 편리한 민원 처리 환경을 위해 노력 중이다. 취약 계층 지원의 경우 코로나19 상황에서 다양한 ICT 기반의 교육 및...
34,"삼성, WBA 디지털 포용성 평가서 아시아 1위",2021.12.08.,"삼성전자는 '디지털 포용성' 평가에서 인공지능(AI) 분야에서 공정성·투명성·책임성을 추구하는 'AI 윤리 원칙' 공개, 사외 스타트업 육성 프로그램... 초·중학생 소프트웨어 교육 프로그램인 '삼성 주니어 SW 아카데미'와 청소년과 미취업 청년에게 IT 프로그래밍, AI 기술 교육을 지원하는 '삼성..."
35,"삼성전자, 디지털 포용성 평가서 세계 4위",2021.12.08.,"삼성전자는 디지털 포용성 평가와 관련해 인공지능(AI) 분야에서 공정성·투명성·책임성을 추구하는 ‘AI 윤리 원칙’ 공개, 사외 스타트업 육성... 아울러 초·중학생 소프트웨어 교육 프로그램인 ‘삼성 주니어 SW 아카데미’를 운영하는 등 청소년 교육 중심의 사회공헌 활동도 높은 평가를..."
38,학생 감소에 중등교사 양성 규모 축소...사범대 나와야 국영수 교사 된다,2021.12.08.,"교육과)를 통해서만 양성하기로 했다. 앞으로 사범대를 나오지 않고 일반대에서 교직 이수를 통해 공통과목 교사가 되기는 불가능해졌다. 인공지능(AI)... 이 밖에 교원 양성 과정에서 윤리의식, 인성 등 바른 교직관을 갖춘 교원을 양성할 수 있도록 대학 생활 기록 등을 종합적으로 검토하는 적·인성..."
39,"삼성전자, ‘디지털 포용성 평가’ 글로벌 4위 선정",2021.12.08.,삼성전자는 이번 ‘디지털 포용성 평가’에서 ▷인공지능(AI) 분야에서 공정성·투명성·책임성을 추구하는 ‘AI 윤리 원칙’ 공개 ▷사외 스타트업... 프로그래밍·인공지능(AI) 기술 교육을 지원하는 ‘삼성 이노베이션 캠퍼스’ 등 사회공헌 활동도 높은 평가를 받았다. 삼성전자 관계자는 “탄소 저감...
40,"김지철 ""미래인재 교육 핵심 방향 '자기주도성 강화'""",2021.12.08.,"그는 ""교육부 '2022 개정 교육과정'의 기본방향은 AI(인공지능) 혁신을 통해 자기주도성이 중요해지는 것""이라며 ""학교 교육에서 학생들의 자기주도성... AI 시대 4차 산업혁명에 대한 미래교육에서 인간다움이 훨씬 강조되는 것도 같은 이유""라고 진단했다. 이어 그동안 교육청이 인간성과 윤리·도덕교육의..."
43,이재명 “100만 디지털 인재 양성”…윤석열 “데이터 권한 민간에”,2021.12.10.,"공급할 교육과 일자리 정책에 집중하겠다”라고 했다. 심상정 정의당 후보(이은주 공동선대위원장 대독)는 디지털 소외, 인공지능(AI) 윤리, 탄소배출 등 4차산업혁명으로 발생하는 사회 문제의 해결에 정부가 적극 나서야 한다고 강조했다. 심 후보는 “정보기술(IT) 노동자의 불합리한 희생이 없도록 제도를..."
46,"삼성전자, 디지털 포용성 평가서 세계 4위",2021.12.08.,"삼성전자는 이번 '디지털 포용성' 평가에서 ▶인공지능(AI) 분야에서 공정성·투명성·책임성을 추구하는 'AI 윤리 원칙' 공개 ▶사외 스타트업 육성... 소프트웨어 교육 프로그램인 '삼성 주니어 SW 아카데미', 청소년과 미취업 청년에게 IT 프로그래밍, AI 기술 교육을 지원하는 '삼성 이노베이션..."
48,"삼성전자, 디지털 포용성 평가서 세계 4위…아시아 1위",2021.12.10.,삼성전자는 이번 디지털 포용성 평가에서 △인공지능(AI) 분야에서 공정성·투명성·책임성을 추구하는 'AI 윤리 원칙' 공개 △사외 스타트업 육성... 아울러 초·중학생 소프트웨어 교육 프로그램인 '삼성 주니어 SW 아카데미'를 운영하는 등 청소년 교육 중심의 사회공헌 활동도 높은 평가를 받았다.
49,"삼성전자, 글로벌 포용성 평가 4위 선정",2021.12.08.,"삼성전자는 이번 평가에서 △인공지능(AI) 분야에서 공정성·투명성·책임성을 추구하는 ‘AI 윤리 원칙’ 공개 △사외 스타트업 육성... 소프트웨어 교육 프로그램인 ‘삼성 주니어 SW 아카데미’, 청소년과 미취업 청년에게 IT 프로그래밍, AI 기술 교육을 지원하는 ‘삼성 이노베이션..."
51,현대원 서강대 메타버스전문대학원장 “메타버스는 가상인간 주 활동 무대…인...,2021.12.08.,"미국 인공지능(AI) 스타트업 브러드(Brud)가 2016년 선보인’릴 미켈라’의 연간 수익(2019년 기준)은 약 1170만달러(약 140억원)에 달한다. 가상인간의 두뇌... 가상인간을 고객 서비스 분야에서 AI 챗봇(대화 로봇)과 연동시킬 수 있다. 또 가상인간을 교육이나 금융, 헬스케어 분야에서 활용할 수 있다. 1타 강사나..."
52,[2022 정시 입학정보] 경희대학교,2021.12.08.,"학생은 이론을 제조, 금융, 이커머스, 교육, 의료, 메타버스 등 첨단 분야에 접목해 경영과 창업이 가능한 능력 있고 윤리적인 인재로 성장할 수 있다.... 인공지능학과에 입학한 학생은 이론과 실무를 융합한 교육으로 AI 기술을 사회에 적용할 수 있는 인재로 성장한다. 컴퓨터공학과와 협력해 기본적인..."
53,세상을 바꾸는 기업들(6위~26위),2021.12.08.,"하지만 배터리 혁명이 인권과 지구를 위험에 빠트리고 있다""고 비판하며, 기업들에게 윤리적으로 채굴한 코발트의 공급망 구축을 촉구했다. 적극... 체크알은 인공지능(AI)과 '스토리 취합 시스템', 인적 분석 등을 활용한다. 그래서 리프트와 넷플릭스 같은 고용주들이 지원자의 체포나 유죄판결 전력이..."
54,"삼성전자, '디지털 포용성 평가' 글로벌 4위",2021.12.08.,삼성전자는 '디지털 포용성' 평가에서 △인공지능(AI) 분야에서 공정성·투명성·책임성을 추구하는 'AI 윤리 원칙' 공개 △사외 스타트업 육성... '씨컬러스(SeeColors)' 앱을 개발하는 등 장애인들의 제품 접근성 향상을 위한 노력과 초·중학생 소프트웨어 교육 프로그램인 '삼성 주니어 SW...
56,"삼성전자, 디지털 포용성 평가 글로벌 4위",2021.12.08.,"삼성전자는 이번 '디지털 포용성' 평가에서 ▲인공지능(AI) 분야에서 공정성·투명성·책임성을 추구하는 'AI 윤리 원칙' 공개 ▲사외 스타트업 육성... 삼성전자 관계자는 ""탄소 저감, 자원 순환, 생태 복원 등 다양한 활동을 통해 환경을 보호하고 인권과 다양성 존중, 미래세대 교육, 기술 혁신을 통한..."
57,"삼성전자, '디지털 포용성' 글로벌 4위…아시아 기업 중 1위",2021.12.08.,"삼성전자는 이번 디지털 포용성 평가에서 인공지능(AI) 분야에서 공정성·투명성·책임성을 추구하는 ‘AI 윤리 원칙’ 공개와 사외 스타트업 육성... 소프트웨어 교육 프로그램인 ‘삼성 주니어 SW 아카데미’, 청소년과 미취업 청년에게 IT 프로그래밍, AI 기술 교육을 지원하는 ‘삼성 이노베이션 캠퍼스’..."
60,"""사범대 졸업해야 공통과목 교사 가능""…교육부, 중등 교원 양성 규모 축소",2021.12.08.,"과정과 교육대학원을 중심으로 양성한다. 인공지능(AI), 드론 등 신규분야 교직과정은 입학정원 30% 내에서 운영이 가능하도록 해 현행 10%보다 대폭... 이밖에도 교원 양성 과정에서 윤리의식·인성 등 바른 교직관을 갖춘 교원을 양성할 수 있도록 대학 생활 기록 등을 종합적으로 검토하는 적·인성 검증체계도..."
62,삼성전자 ‘디지털 포용성’ 세계 4위,2021.12.08.,"삼성전자는 디지털 포용성 평가와 관련해 인공지능(AI) 분야에서 공정성·투명성·책임성을 추구하는 ‘AI 윤리 원칙’ 공개, 사외 스타트업 육성... 초·중학생 소프트웨어 교육 프로그램인 ‘삼성 주니어 SW 아카데미’를 운영하는 등 청소년 교육 중심의 사회공헌활동도 높은 평가를 받았다. 한편 이번..."
63,"[긴급진단] ""교육부에서 대학을 분리… 혁신생태계 허브로서 대학 역할에 주목...",2021.12.08.,"이를 위해 △교육부의 전면 개편 △대학의 혁신생태계 허브 역할로서의 지원 △기초과목들에 대한 AI보조교사 도입 △평생학습자와 해외학생 교육 위한... 재능과 기술도 필요하겠지만 인성교육이 가장 중요하다고 생각한다""고 밝혔다. 인공지능만으로 할 수 없는 스스로 윤리적 판단과 가치판단을 하게끔..."
64,"삼성전자, 디지털 포용성 평가서 글로벌 4위",2021.12.08.,"삼성전자는 이번 디지털 포용성 평가에서 ▲인공지능(AI) 분야에서 공정성·투명성·책임성을 추구하는 AI 윤리 원칙 공개 ▲사외 스타트업 육성... 소프트웨어 교육 프로그램인 삼성 주니어 SW 아카데미, 청소년과 미취업 청년에게 IT 프로그래밍, AI 기술 교육을 지원하는 삼성 이노베이션 캠퍼스..."
65,"삼성전자, '디지털 포용성 평가' 글로벌 4위…아시아 1위",2021.12.08.,"삼성전자는 이번 '디지털 포용성' 평가에서 △인공지능(AI) 분야에서 공정성·투명성·책임성을 추구하는 'AI 윤리 원칙' 공개 △사외 스타트업... 소프트웨어 교육 프로그램인 '삼성 주니어 SW 아카데미', 청소년과 미취업 청년에게 IT 프로그래밍, AI 기술 교육을 지원하는 '삼성 이노베이션 캠퍼스..."
67,삼성전자 ‘디지털 포용성’ 세계 4위,2021.12.08.,"WBA는 삼성전자가 AI(인공지능) 분야에서 공정성, 투명성, 책임성을 추구하는 ‘AI 윤리 원칙’을 공개하고, 사외 스타트업 육성 프로그램 ‘C랩... (소프트웨어) 교육 프로그램인 ‘삼성 주니어 SW 아카데미’, 청소년과 미취업 청년에게 IT(정보기술) 프로그래밍과 AI 기술 교육을 지원하는 ‘삼성..."
73,[카드 News] 하나카드·삼성카드·현대카드,2021.12.08.,"'하나합'이 선보이는 '내 지출 한눈에' 서비스는 인공지능(AI)을 활용, 소비데이터를 기반으로 소비패턴과 소비성향을 분석해준다./하나카드 하나카드가... 매년 전 임직원을 대상으로 컴플라이언스 및 정보보안 필수 교육을 시행하고 각 부서별로 선임된 준법감시 담당자를 통해 매 분기별 준법 감시 실천..."
74,"삼성전자, 디지털포용성 평가 세계 4위",2021.12.08.,삼성전자는 이번 디지털포용성 평가에서 △인공지능(AI) 분야에서 공정성·투명성·책임성을 추구하는 'AI 윤리 원칙' 공개 △사외 스타트업 육성... 초·중학생 소프트웨어 교육 프로그램인 '삼성 주니어 SW 아카데미' 등 청소년 교육 중심의 사회공헌 활동도 높은 평가를 받았다.
75,"삼성전자, WBA 디지털 포용성 평가…""글로벌 4위·아시아 1위""",2021.12.08.,"삼성전자는 이번 '디지털 포용성' 평가에서 ▲인공지능(AI) 분야에서 공정성·투명성·책임성을 추구하는 'AI 윤리 원칙' 공개 ▲사외 스타트업 육성... 소프트웨어 교육 프로그램인 '삼성 주니어 SW 아카데미', 청소년과 미취업 청년에게 IT 프로그래밍, AI 기술 교육을 지원하는 '삼성 이노베이션..."
76,"삼성전자, 디지털 포용성 평가에서 글로벌 4위",2021.12.08.,삼성전자는 이번 '디지털 포용성' 평가에서 ▲인공지능(AI) 분야에서 공정성·투명성·책임성을 추구하는 'AI 윤리 원칙' 공개 ▲사외 스타트업 육성 프로그램인 'C랩 아웃사이드'를 통한 기술혁신 생태계 기여 등에 높은 점수를 받았다. 또 장애인들의 제품 접근성 향상을 위한 노력과 청소년 교육...
81,"삼성전자, 디지털 포용성 평가에서 세계 4위",2021.12.08.,삼성전자는 이번 평가에서 인공지능(AI) 분야에서 공정성·투명성·책임성을 추구하는 ‘AI 윤리 원칙’을 공개하고 사외 스타트업 육성 프로그램인... 삼성전자는 청소년 교육 중심의 사회 공헌 활동에서도 높은 평가를 받았다. 삼성전자는 초·중학생 소프트웨어 교육 프로그램인 ‘삼성 주니어 SW...
82,청년실업·교육격차 해소 앞장… 미래인재 키우는 삼성 [2021 사회공헌대상],2021.12.08.,"올해 400개 초·중학교를 1학기, 2학기 각각200개 학교에서 진행될 예정으로 올해부터 교육현장의 수요를 반영해 인공지능(AI) 교육을 실시한다. 교육은 학생들의 눈높이에 맞춘 △AI의 이해 △AI 실습 △스스로 문제 해결 능력을 향상시키는 프로젝트 수업 △AI 윤리로 구성된다. 삼성전자는 삼성 주니어 SW..."
83,"[M-커버스토리] 이통사·포털, ESG 리딩 컴퍼니 도약 위한 ESG 경쟁 '가열'",2021.12.08.,"네이버는 또 사회 분야에서 기업윤리규범과 인공지능(AI) 윤리준칙, 개인정보 자기통제권 정책, 컴플라이언스 조직 신설과 체계 정립, 2021년 8월 반부패경영시스템(ISO37001) 도입, 직군별 교육훈련 체계 등 인재 양성 프로그램도 이어가고 있다. 카카오는 지난 1월 ESG에 대한 중요성을 인식하고 이사회..."
84,"TV에 색약자 색 보정앱 탑재, 삼성전자 디지털 포용성 평가 세계 4위",2021.12.08.,삼성전자는 이번 디지털 포용성 평가에서 인공지능(AI) 분야에서 공정성·투명성·책임성을 추구하는 'AI 윤리 원칙' 공개 분야와 사외 스타트업... 청소년 교육 중심의 사회공헌 활동도 높은 평가를 받았다고 삼성전자는 설명했다. 삼성전자는 초·중학생 소프트웨어 교육 프로그램인 '삼성 주니어 SW...
85,"삼성전자, 디지털 포용성 평가 4위로 상승…디지털 기술 사회와 공유 성과",2021.12.08.,"▲인공지능(AI) 분야에서 공정성·투명성·책임성을 추구하는 'AI 윤리 원칙' 공개 ▲사외 스타트업 육성 프로그램인 'C랩 아웃사이드'를 통한 기술혁신... 소프트웨어 교육 프로그램인 '삼성 주니어 SW 아카데미', 청소년과 미취업 청년에게 IT 프로그래밍, AI 기술 교육을 지원하는 '삼성 이노베이션 캠퍼스..."
89,"삼성전자, 디지털 포용성 평가 세계 4위…애플은?",2021.12.08.,삼성전자는 ▲인공지능(AI) 분야 공정성·투명성·책임성을 추구하는 ‘AI 윤리 원칙’ 공개 ▲사외 스타트업 육성 프로그램 ‘C랩 아웃사이드’를... 소프트웨어 교육 프로그램 ‘삼성 주니어 소프트웨어(SW) 아카데미’ 등 청소년 교육 중심 사회공헌 활동 등이 좋은 점수를 받았다. 한편 애플...
95,"삼성전자, 디지털 포용성 평가서 글로벌 4위",2021.12.08.,"삼성전자는 이번 ‘디지털 포용성’ 평가에서 ▲인공지능(AI) 분야에서 공정성·투명성·책임성을 추구하는 'AI 윤리 원칙' 공개 ▲사외 스타트업... 소프트웨어 교육 프로그램인 '삼성 주니어 SW 아카데미', 청소년과 미취업 청년에게 IT 프로그래밍, AI 기술 교육을 지원하는 '삼성 이노베이션 캠퍼스..."
96,"삼성전자, ‘디지털 포용성 평가’서 세계 4위",2021.12.08.,"삼성전자는 인공지능(AI) 분야에서 공정성과 투명성, 책임성을 추구하는 ‘AI 윤리원칙’을 공개하고, 사외 스타트업 육성 과정 ‘C랩 아웃사이드’... (앱)을 비롯한 장애인의 제품 접근성 향상 노력, 학생 및 청년을 대상으로 한 소프트웨어(SW), AI 교육 등 사회공헌 활동도 높은 평가를 받았다."
103,[Who Is ?] 조석 현대일렉트릭앤에너지시스템 대표이사 사장,2021.12.09.,"현대일렉트릭은 산업인공지능(AI) 전문기업 띵스파이어(Thingspire)를 비롯해 한국산업기술대학교, 한국산업기술시험원 등 모두 13개 민간기업 및... 한수원은 조직이나 제도와 같은 경영시스템의 혁신보다 보안의식과 청렴도를 높일 수 있는 윤리 의식과 조직문화 혁신이 더욱 중요한 과제라는 지적을..."
104,"삼성전자, 디지털 포용성 평가 글로벌 10위서 4위로 '껑충'",2021.12.08.,"삼성전자는 이번 '디지털 포용성' 평가에서 ▲인공지능(AI) 분야에서 공정성·투명성·책임성을 추구하는 'AI 윤리 원칙' 공개 ▲사외 스타트업 육성... 소프트웨어 교육 프로그램인 '삼성 주니어 SW 아카데미', ▲청소년과 미취업 청년에게 IT 프로그래밍, AI 기술 교육을 지원하는 '삼성 이노베이션..."
108,"삼성전자, 디지털 포용성 평가서 글로벌 4위...지난해보다 6단계↑",2021.12.08.,"삼성전자는 이번 '디지털 포용성' 평가에서 ▲인공지능(AI) 분야에서 공정성・투명성・책임성을 추구하는 'AI 윤리 원칙' 공개 ▲사외 스타트업... 소프트웨어 교육 프로그램인 '삼성 주니어 SW 아카데미', 청소년과 미취업 청년에게 IT 프로그래밍・AI 기술 교육을 지원하는 '삼성 이노베이션..."
112,수능 점수 통한 정시 지원 가능 대학 어디?,2021.12.08.,"충남대 경영·경제·행정·심리·국어교육·영어교육, 충북대 역사교육 359점, 충남대 무역·언론정보·공공안전·정치외교·교육, 충북대 심리·윤리교육... 중앙대 AI·창의ICT공과대학·소프트웨어, 이화여대 인공지능 397점, 서강대 화공생명공학·생명과학, 성균관대 수학교육·건설환경공학·자연과학계열..."
113,"삼성전자, 디지털포용성 평가 글로벌 4위 선정",2021.12.08.,"것으로 ▲인공지능(AI) 분야에서 공정성·투명성·책임성을 추구하는 'AI 윤리 원칙' 공개 ▲사외 스타트업 육성 프로그램인 'C랩 아웃사이드'를 통한... 소프트웨어 교육 프로그램인 '삼성 주니어 SW 아카데미', 청소년과 미취업 청년에게 IT 프로그래밍, AI 기술 교육을 지원하는 '삼성 이노베이션..."
115,"삼성전자, '디지털 포용성' 평가 글로벌 4위…아시아 기업 1위",2021.12.08.,"삼성전자는 디지털 포용성 평가에서 ▲인공지능(AI) 분야에서 공정성·투명성·책임성을 추구하는 'AI 윤리 원칙' 공개 ▲사외 스타트업 육성... 또 초·중학생 소프트웨어 교육 프로그램인 '삼성 주니어 SW 아카데미', 청소년과 미취업 청년에게 IT 프로그래밍, AI 기술 교육을 지원하는 '삼성 이노베이션..."
116,"삼성전자, WBA 선정 디지털 포용성 평가 글로벌 4위",2021.12.08.,"삼성전자는 인공지능(AI) 분야에서 공정성·투명성·책임성을 추구하는 AI 윤리 원칙 공개, 사외 스타트업 육성 프로그램인 C랩 아웃사이드를 통한... 또한, TV 화면 색상을 보정해 주는 씨컬러스(SeeColors) 앱을 개발하는 등 장애인들의 제품 접근성 향상을 위한 노력과 초·중학생 소프트웨어 교육..."
119,"삼성전자, WBA ‘디지털 포용성 평가’ 글로벌 4위로 순위 상승",2021.12.08.,"삼성전자는 이번 평가에서 ▲인공지능(AI) 분야에서 공정성·투명성·책임성을 추구하는 ‘AI 윤리 원칙’ 공개 ▲사외 스타트업 육성... 또 ‘삼성 주니어 소프트웨어(SW) 아카데미’, ‘삼성 이노베이션 캠퍼스’ 등 청소년 교육 중심의 사회공헌 활동도 높은 평가를 받았다. WBA는 유엔(UN)의..."
122,'장사팁도 기술'…KT 상권분석 플랫폼에 대학생 투입하니,2021.12.08.,"KT가 한 일은 1대 1 매칭, 그리고 잘나가게 빅데이터를 어떻게 활용하면 되는지를 학생들에게 교육한 것이다. 기대 이상의 성과물이 나왔다. 종로구의 한... 그 중에서도 '유선통화분석'과 'AI(인공지능) 점포진단' 서비스는 소상공인의 필요에 부응한 서비스다. 대부분의 소상공인은 가게 대표 유선전화를..."
123,"""공간 빅데이터로 진화하는 감정평가""… 학회 하반기 학술대회 '눈길'",2021.12.08.,"이어지는 여성위원회에선 △㈜꾸림 임혜순 대표가 '청년여성 1인 가구 주거지원 방안'에 대해, 윤리교육에선 △한국대학기관생명윤리위원회협회 조성연... 박사가 'AI(인공지능) 스마트 하우징'에 대해 이야기한다. 끝으로 LX 특별정책세미나에선 △LX 이준호 차장의 'LX 국토정보 기본도의 위상과 역할' △제주대..."
125,"삼성, 디지털 포용성 '글로벌 4위' 150개 ICT기업 평가… 亞 기준 1위",2021.12.08.,"인공지능(AI) 분야 공정성·투명성·책임성 추구의 'AI 윤리 원칙' 적용, 사외 스타트업 육성 프로그램 'C랩 아웃사이드'를 통한 기술혁신 생태계 기여 등에 높은 점수를 부여했다. 또 색상 구별에 어려움을 겪는 시청자를 위한 TV 화면 색상 보정 앱 '시컬러스(SeeColors)' 개발, 초·중학생 소프트웨어 교육..."
130,"삼성전자, WBA 디지털 포용성 평가서 글로벌 4위",2021.12.08.,"삼성전자는 이번 &apos;디지털 포용성&apos; 평가에서 ▲인공지능(AI) 분야에서 공정성·투명성·책임성을 추구하는 &apos;AI 윤리 원칙&apos; 공개... 소프트웨어 교육 프로그램인 &apos;삼성 주니어 SW 아카데미&apos;, 청소년과 미취업 청년에게 IT 프로그래밍, AI 기술 교육을 지원하는 &apos;삼성..."
131,"삼성전자, WBA '디지털 포용성 평가' 글로벌 4위",2021.12.08.,"삼성전자는 이번 디지털 포용성 평가 인공지능(AI) 분야에서 공정성ㆍ투명성ㆍ책임성을 추구하는 'AI 윤리 원칙' 공개, 사외 스타트업 육성... 소프트웨어 교육 프로그램인 '삼성 주니어 SW 아카데미', 청소년과 미취업 청년에게 IT 프로그래밍, AI 기술 교육을 지원하는 '삼성 이노베이션 캠퍼스' 등 청소년..."
132,충청권 의학계열 정시모집 400점 이상 합격선,2021.12.09.,"△충남대 경영·경제·행정·심리·국어교육·영어교육, 충북대 역사교육 359점 △충남대 무역·언론정보·공공안전·정치외교·교육, 충북대 심리·윤리... 생화학·정보통계·전기공학·기계공학·응용화학공학·인공지능·자율운항시스템공학·신소재공학 △충북대 수학교육·생물교육·간호· 전자공학 362점..."
133,"박승배 메트라이프금융서비스 대표 ""보험업 미래, 현장에 있다… 설계사 투자...",2021.12.09.,"GA시장 포화 속 차별화만이 살길 “보험업계도 디지털화가 빠르게 진행되며 온라인 보험가입과 비대면 청구, AI(인공지능) 등 변화의 바람이 불고 있다.... 급성장하면서 교육과 전문성, 윤리 의식을 갖추고 고객의 가치를 최우선에 두는 보험인의 핵심 가치가 퇴색한 것 같아 이를 다잡고자 했다”고 말했다...."
136,"삼성전자, 디지털 포용성 ‘글로벌 4위’ 선정…아시아기업 1위",2021.12.08.,삼성전자는 이번 '디지털 포용성' 평가에서 ▲인공지능(AI) 분야 공정성·투명성·책임성을 추구하는 'AI 윤리 원칙' 공개 ▲사외 스타트업 육성... 맞춰 TV 화면 색상을 보정하는 '씨컬러스' 앱 ▲초·중학생 소프트웨어 교육 프로그램인 '삼성 주니어 SW 아카데미' ▲'삼성 이노베이션 캠퍼스' 등도 인정 받았다.
141,"국토정보 활용 '프롭테크' 미래…민간·공공, 어떻게 협업할 것인가",2021.12.08.,"연구윤리교육, 폐회 순으로 진행될 예정입니다. 코로나19 상황을 고려해 현장 참석인원은 50인으로 제한되며, 한국감정평가학회 유튜브(https://bit.ly/3oo2tXm)... 박사는 '인공지능(AI) 스마트 하우징'을 발표합니다. 정책세미나에서는 이준호 한국국토정보공사 차장이 LX국토정보기본도의 효용성을 발표합니다. 이어..."
142,"삼성전자, WBA선정 디지털 포용성 평가서 글로벌 4위",2021.12.08.,삼성전자는 이번 평가에서 △인공지능(AI) 분야에서 공정성·투명성·책임성을 추구하는 'AI 윤리 원칙' 공개 △사외 스타트업 육성 프로그램인 'C랩 아웃사이드'를 통한 기술혁신 생태계 기여 등에 대해 높은 점수를 받았다. 초·중학생 소프트웨어 교육 프로그램인 '삼성 주니어 SW 아카데미'와...
143,[박은종의 교육시론] 교원 양성 인원 감축과 교원의 역량 강화,2021.12.08.,"과정과 교육대학원을 중심으로 양성한다. 제4차 산업혁명 시대를 맞아 인공지능(AI), 드론 등 신규분야 교직과정은 입학정원 30% 내에서 운영이... 또 교원 양성 과정에서 예비 교원들의 청렴·윤리의식, 적성·인성 검증체계를 구축하기로 했다. 이와 같은 교육부의 '초·중등 교원양성체제 발전방안' 발표와..."
148,"한국해양대 LINC+사업단, '제3회 스마트융합기술포럼' 개최",2021.12.09.,그리고 부산산업과학혁신원 채준원 팀장과 한국인공지능협회 안종훈 AI 윤리 전문위원의 주제발표가 뒤를 이었다. 채준원 팀장과 안종훈 전문위원은... 위한 네트워킹 시간이 됐다고 평가된다. 제3회 스마트융합기술포럼 참석자들이 기념사진을 촬영하고 있다. ▲교육전문신문 베리타스알파 [베리타스알파=]
149,국립과천과학관에서 전국 정보교사 직무연수 실시,2021.12.08.,인공지능 시대의 윤리와 규범에 대한 이슈도 함께 다루고 있다. 과천과학관에서 마련한 이번 과정은 '교사직무연수'로 추진하게 되었으며 12월 1일부터 한국교육학술정보원(KERIS : 교육부 산하 공공기관으로 교육과 학술연구 정보화 기관) 인공지능(AI) 교사직무연수 홈페이지(한국교육학술정보원의 에듀넷...
150,"'메타버스로 만나는 새로운 수업, 새로운 세상'",2021.12.08.,"이번 연수는 지난 25일을 시작으로 2회에 걸쳐 총 6시간으로 구성됐으며 청양 상상이룸 교사학습공동체 '삼공', 청양 AI, SW교육 지원단과 초중등... 역량과 인공지능 윤리 등 미디어리터러시 교육의 필요성도 함께 논의하는 시간을 가졌다. 임동우 교육장은 ""미래교육에 대한 통찰력을 키우고 대비할 수 있는..."
151,"고려대학교의료원, SK바이오사이언스와 신종 바이러스 감염병 선제적 대응 협...",2021.12.08.,"21001(교육기관경영시스템)' 국제표준 인증을 획득한 바 있다. 이날 협약식에서 임상현 혁신의료기기 실증지원센터장(흉부외과)은 ""AI를 기반으로 한... ◇한림대기술지주회사, 한림 인공지능 해커톤 성료 ▲ 한림대학교기술지주회사 및 학교법인일송학원이 지난달 26일 한림대성심병원 한림문화홀에서..."
