Unnamed: 0,제목,날짜,본문
0,"""AI 서비스, 사생활 침해·사회적 차별 없게"" 자율점검표 발표",2021.05.31.,개발·운영 시 단계별 개인정보보호 기준 제시 인공지능(AI) 챗봇 '이루다'와 같은 개인정보 침해 사례의 재발을 막기 위해 AI 서비스 개발자·운영자들이 지켜야 할 사항을 담은 안내서가 마련됐다. 개인정보 보호 정책을 총괄하는 중앙행정기관인 개인정보보호위원회는 업계 의견을 수렴하고 전문가...
1,"[아!이뉴스] 티빙 OTT 1위 '천명'…정부, AI 가이드라인 공개",2021.05.31.,제2의 이루다 인공지능(AI) 사태를 미연에 방지하기 위한 차원이다. 개인정보보호위원회는 산업계의 의견을 충분히 수렴하고 전문가·전체회의 논의 등을 거쳐 만든 'AI 개인정보보호 자율점검표(개발자‧운영자용)'를 31일 발표했다. AI자율점검표는 AI 서비스 개발·운영 시 발생할 수 있는 개인정보 침해를...
2,"‘AI 아버지’ 튜링硏도 출동, AI 미래 찾는다",2021.05.31.,(ALC)에는 인공지능(AI·Artificial Intelligence) 전문가들이 총출동한다. AI는 컴퓨터가 인간처럼 생각하고 학습하고 모방하는 등 스스로 판단하도록 하는... AI는 인류의 미래를 바꾸는 동시에 각종 윤리 문제에도 직면하고 있다. 올해 초 인간과 비슷한 수준의 대화가 가능한 AI 챗봇 ‘이루다’가 소수자...
3,'이루다·딥페이크 사태 막자'…AI가이드라인 제정 '물결',2021.05.31.,개인정보 유출 및 성희롱 등으로 물의를 빚은 스캐터랩의 인공지능(AI) 챗봇 이루다 등을 비롯해 AI가 사회적으로 문제를 주는 사례가 나타나고 있기 때문. 우리나라 정부는 이루다 사태 등 AI의 부정적 영향에 대응하기 위해 지난 13일 '신뢰할 수 있는 AI 실현 전략'을 발표. 구체적으로 오는 2025년까지 기술...
4,"120개 시민단체 ""알고리즘이라고 '모르쇠'? AI 법규 마련해야""",2021.05.24.,보장하는 인공지능(AI) 정책 마련을 정부·국회에 촉구했다. 단체들은 공동선언문을 통해 “인공지능이 서비스나 제품을 추천·제공하는 단계부터 노동... 앞서 차별·혐오발언을 비롯해 무분별한 개인정보 수집 등으로 논란을 일으킨 ‘챗봇 이루다’ 사태가 재발되지 않으려면 법·제도적 정비가 필요하다는...
5,"검색의도 파악하는 네이버 '초거대 AI'…LG도 ""1억弗 투자"" 개발 속도",2021.05.25.,"특히 학계에서는 최근 AI 챗봇 서비스 '이루다' 사태가 데이터 규제를 강화하는 방향으로 흐를까 우려한다. 정책적 모호성이 연구 과정에서의 AI 모델의 경쟁력을 떨어뜨릴 수 있다는 것이다. 고학수 한국인공지능법학회장(서울대 로스쿨 교수)은 ""사실 대규모 언어모델을 만든다고 하면 아무리 비식별..."
6,'제2 이루다 없게'…AI 개발-운영 개인정보보호 자율점검표 마련,2021.05.12.,'사생활 침해·사회적 차별없게 유의' 등 핵심원칙과 단계별 기준 제시 추가 의견 반영·상세 체크리스트 포함해 이달 말 최종 발표 인공지능(AI) 챗봇 '이루다'와 같은 개인정보 침해 사례의 재발을 막기 위해 AI 서비스 개발자·운영자들이 지켜야 할 사항을 모은 'AI 관련 개인정보보호 자율점검표'의 큰 틀이...
7,"'AI챗봇' 이루다 개발사 대표 ""걸림돌 될까 고민 깊어""[김주완의 어쩌다IT]",2021.05.12.,정부가 지난달 인공지능(AI) 챗봇 ‘이루다’ 개발업체에 명확한 동의 없이 개인정보를 무단 사용했다며 1억원이 넘는 벌금을 부과했습니다. 개인정보보호위원회는 이루다를 개발한 스캐터랩이 자사 앱 서비스인 '텍스트앳'과 '연애의 과학'에서 수집한 이용자 60만여명의 카카오톡 대화 문장 94억건을 챗봇...
8,알고리즘·AI에 노조의 접근권 보장한 스페인,2021.05.12.,"신종 노무관리 양식인 알고리즘·AI는 '인간'이 아닌 '기술'의 얼굴을 하고 있기에 객관적·과학적일 것이라 믿기 쉽다. 그러나 인공지능 챗봇 '이루다'가 혐오 발언에 개인정보 유출 문제까지 일으킨 것처럼, 디지털 관리 양식들이 차별과 인권침해에서 결코 자유롭지 않다는 점이 세계적으로 문제가 되고 있다. 이..."
9,"정부, 2025년까지 윤리적인 AI 지원… “‘제2의 이루다' 막는다”",2021.05.12.,"신뢰 확보 기준 마련 등 10대 과제, 단계적으로 추진 정부가 2025년까지 믿을 만한 인공지능(AI) 서비스를 구현할 수 있도록 10대 과제를 추진한다. 이는 혐오·차별 발언과 개인정보 유출 논란으로 물의를 빚은 AI 챗봇(채팅 로봇) ‘이루다’ 사태 재발을 막기 위한 조치다. 과학기술정보통신부는 13일 대통령..."
10,"'이루다 사태'가 남긴 숙제…정부, 'AI 윤리' 실현전략 마련",2021.05.13.,지난 1월 스타트업 스캐터랩이 야심차게 선보인 인공지능(AI) 챗봇 '이루다'. '당신의 첫 AI 친구'라는 캐치프레이즈로 1020 사이에서 인기를 모은 이루다는 서비스 시작 2주만에 각종 논란에 이어 결정적으로 개인정보유출 혐의 등으로 문을 닫았다. 스캐터랩이 이루다를 학습시키는 과정에서 카카오톡 대화를...
11,"""AI 안전하게 이용하도록""…'신뢰할 수 있는 AI 실현전략' 마련",2021.05.13.,4차위 전체회의서 의결…중소기업 지원체계도 권고 최근 성차별과 소수자 차별 논란을 일으킨 인공지능(AI) 챗봇 '이루다' 사태 등 AI의 부정적 영향에 대응하기 위해 '신뢰할 수 있는 인공지능 실현전략'이 마련됐다. 대통령 직속 4차산업혁명위원회는 13일 오후 서울중앙우체국에서 제22차 전체회의를 열고...
12,"[기자수첩] AI+인증, 똑똑함을 평가하진 않는다",2021.05.13.,최근 눈길을 끄는 건 한국표준협회(표준협회)의 ‘AI+(인공지능 플러스) 인증’이다. 이는 와이즈스톤과 한국표준협회(KSA)가 공동으로 개발한 AI... 이영석 와이즈스톤 대표는 올해 초 AI윤리 논란을 일으켰던 ‘이루다’를 언급하면서 “데이터를 학습한 AI에 사전 테스트나 데이터 정제·선별 등 품질 확인...
13,[後스토리] 싹 잘린 'AI 챗봇'…이루다 과징금은 '스타트업 죽이기'?,2021.05.13.,"""저희가 한국 인공지능(AI) 발전에 있어 걸림돌을 만드는 것 아닐까 하는 고민도 있다."" 지난달 28일 AI 챗봇 '이루다' 개발사 스캐터랩에 개인정보보호위원회가 1억330만원의 과징금·과태료를 부과하기 직전 열린 전체회의에서 김종윤 스캐터랩 대표의 최후 진술이다. 미래 핵심 기술로 꼽히며 구글·페이스북 등..."
14,"'大인공지능 시대', AI가 추구해야 할 중심 가치는?",2021.05.13.,"사진은 지난 1월 혐오표현 등으로 논란이 됐던 인공지능 '이루다'./ 사진=온라인 커뮤니티 캡처, 편집=박설민 기자 하지만 AI의 편향성을 완전히 없앤다는 것은 사실상 불가능한 일이다. AI제작자인 사람조차도 편향성을 갖지 않고 살아가는 것이 힘들기 때문이다. 이에 오혜연 교수는 AI의 편향성을 완전히..."
15,"SKT, `사람 중심 AI` 컴퍼니 선언",2021.05.13.,무해성·공정성·사생활 보호 등 AI 컴퍼니 7대 추구가치 발표 자문단 구성해 전문성도 높여 AI(인공지능)와 디지털 신사업 확장에 방점을 두고 있는... 높이는 AI 활용 사례를 창출해 왔다. 빅테크 기업의 AI 윤리 제정 움직임은 최근 AI 챗봇 '이루다' 사태에서 요구되는 'AI 윤리기준 법제화' 주장과...
16,"[칼럼] 인공지능 시대의 접점에서... 사람만큼, 놀랍게 진화하는 'AI 언어' 모...",2021.05.13.,"이미지:본지DB 국내 AI스타트업 스캐터랩(대표 김종윤)의 대화형 AI '이루다'가 지난해 12월 23일 서비스를 시작한지 2주 남짓의 기간 동안, 무려 75만명에 가까운 사용자를 통해 대화형 AI 열풍을 일궈냈지만 '이루다'는 이슈와 동시에 각종 논란에 휩싸였다. 결국, 출시한지 2주 만에 인공지능 '이루다..."
17,"""AI로 치매정복, 꿈 아냐…정신의학·물리학으로 응용 넓혀야""",2021.05.13.,“인공지능(AI)의 음성인식 기술은 완성 단계에 이르렀다고 합니다. 하지만 음성인식 기술 기반 AI 비서 등이 정말 사람들에게 큰 이익을 주고... 가능한 AI 모델을 갖춰 인간과의 공동체를 이룰 수 있어야 한다”고 강조했다. 최근 AI업계에선 챗봇 서비스 ‘이루다’가 고객 개인정보를 유출하고 소수자...
18,"AI 신뢰성 확보한다… 정부, ‘사람 중심 AI 실현 전략’ 발표",2021.05.14.,최근 인공지능(AI) 챗봇 ‘이루다’가 점화시킨 인공지능 윤리 관련 논의에 정부가 가이드라인을 제시했다. 스타트업 등에 대한 지원과 신뢰성 확보를 위한 기술 개발도 추진한다. 과학기술정보통신부가 지난 13일 대통령 직속 4차산업혁명위원회 제22차 전체회의에서 사람이 중심이 되는 인공지능을 위한...
19,‘이루다’ 제재에 비정형 데이터 활용 주의보,2021.05.13.,"15일 법조계 등에 따르면, 개인정보위가 최근 인공지능(AI) 챗봇 ‘이루다’의 개발사인 스캐터랩의 카카오톡 대화 등 비정형 데이터 처리에 대해 과징금과 과태료를 합산해 총 1억330만원의 제재금을 부과하자 관련 업계의 긴장이 고조된다. 법무법인 세종은 뉴스레터를 통해 이루다 제재처분에 비춰 봤을 때..."
20,"구글, ‘AI 윤리’ 강화한다…담당 연구 인력 2배로",2021.05.12.,“AI가 윤리적으로 작동하지 않으면 사업적으로도 문제” 한국도 ‘이루다 사태’ 계기로 필요성 제기 구글이 ‘인공지능(AI) 윤리’를 강화하기 위해 담당 연구원 수를 현재 200명에서 2배인 400명으로 늘린다고 11일(현지시각) 월스트리트저널(WSJ)이 보도했다. WSJ에 따르면 매리언 크로크 구글 엔지니어링...
21,"디지털시대…""데이터 목록 쌓였지만, 실제 쓸만한 데이터 부족""",2021.05.12.,"정부는 디지털 시대로의 변화에 발맞춰 'D·N·A(데이터·네트워크·인공지능)'를 중심으로 하는 관련 정책을 제시했다. 대표적인 예로 지난해 정부가 D·N·A 생태계를 강화하겠다며 발표한 디지털 뉴딜이 있다. 디지털 뉴딜은 AI와 소프트웨어 인재 양성, 데이터댐 구축, 빅데이터 플랫폼 설립 등의 사업을 골자로..."
22,[이슈분석]메타버스 활성화 과제는,2021.05.12.,"김 본부장은 메타버스 역시 많은 부분을 인공지능(AI)에 바탕을 둘 것이기 때문에 최근 '이루다' 사태처럼 AI 윤리, 프라이버시 침해 등에 대해서 어떻게 대비할지 고민해야 한다고 말했다. 일각에서는 메타버스에서는 국경 없이 세계 이용자가 만나기 때문에 범죄 같은 문제 발생 시 해외 이용자에 대한 처분이..."
23,"‘이루다 사태’ 소송전 돌입… ‘태평양 vs태림', 태家네 형제 싸움 ‘눈길'",2021.05.13.,"인공지능(AI) 챗봇 ‘이루다’의 개인정보 유출 논란이 법정 공방으로 이어지고 있다. 정부기구인 개인정보보호위원회가 지난달말 이루다 개발사인 스캐터랩에 1억330만원의 과징금·과태료를 부과하는 등 정부 차원의 행정조치가 마무리되면서, 손해배상 청구 소송도 조만간 기일이 잡힐 것으로 보인다. 9일..."
24,"국가 'AI 실현전략' 발표…""신뢰성 높이고 민간 인증도 지원""",2021.05.13.,"뉴스토마토 = 김동현 기자 | 정부가 '신뢰받는 인공지능(AI) 환경' 구현을 목표로 기술개발, 인증 등을 지원하는 시스템을 마련한다. AI 챗봇 '이루다'를 계기로 사회 전반에 퍼진 AI 서비스에 대한 불신을 해소하고, AI 서비스가 사회에 미칠 영향도 평가할 계획이다. 과학기술정보통신부는 13일 열린..."
25,[데이터융합포럼 특별기고-10] AI와 프라이버시,2021.05.13.,여기서 가명⋅익명 처리의 목적은 데이터 처리자 즉 AI 모델 개발 단계에서 정보 주체의 프라이버시를 보호하는 것이다. 최근 채팅 AI인 이루다... 인공지능(AI)기술로 대표되는 4차산업혁명시대를 맞아 핵심 자원인 안전한 데이터 활용을 촉진하기 위해 실무적 이슈에 대해 논의하는 포럼이다. ★정보보안...
26,"안전한 사이버국가 세계 3위 목표…정부, '신뢰할 수 있는 AI 실현전략' 마련",2021.05.13.,성소수자 차별 논란을 일으킨 인공지능(AI) 챗봇 '이루다' 사태 등 이슈에 대응하기 위해 정부가 '신뢰할 수 있는 인공지능 실현전략'을 마련했다. 대통령 직속 4차산업혁명위원회는 13일 오후 서울중앙우체국에서 제22차 전체회의를 열고 '신뢰할 수 있는 인공지능 실현전략'을 심의·의결했다. 이 전략은 지난해...
27,"[변호사 외전] 최초롱 변호사 ""분노를 '법'으로 해결하도록 돕고싶어요""",2021.05.12.,"화난사람들에선 이동통신사의 5G서비스에 대한 손해배상 사건, 인공지능(AI) 챗봇 '이루다'를 통한 개인정보 유출 사건, 유해성분 검출 논란이 된 '국민 아기욕조' 사건 등 다양한 소송이 진행 중이다. 최 변호사가 4년째 플랫폼을 운영해오면서 다룬 사건은 총 86건이라고 한다. 직접 소송 절차에 참여하지는..."
28,[안혜리 논설위원이 간다]절박한 네이버가 몸을 낮췄다,2021.05.12.,네이버의 인공지능(AI) 플랫폼인 클로바 CIC 정석근 대표가 지난 4월 1일 이렇게 대면 보고를 하자 이해진 네이버 창업자(GIO·글로벌투자책임자)는... 앞선 AI 기업도 똑같이 겪는 난제들이다. 이중 편향성 해소가 가장 시급했다. 여성 혐오 논란 등으로 올 초 서비스 시작 19일 만에 퇴출당한 챗봇 '이루다...
